,added,killed
0,0,0
1,60,364
2,191,243
3,216,214
4,224,616
5,988,970
6,639,161
7,303,91
8,782,335
9,893,755
10,46,748
11,274,592
12,207,212
13,694,147
14,197,512
15,641,161
16,23,147
17,34,609
18,121,129
19,687,970
20,23,850
21,840,748
22,270,813
23,810,810
24,336,782
25,845,427
26,473,998
27,684,579
28,752,916
29,37,813
30,19,722
31,261,837
32,936,958
33,88,430
34,526,386
35,90,188
36,540,274
37,568,254
38,168,616
39,760,355
40,238,192
41,192,883
42,882,529
43,654,8
44,424,940
45,702,961
46,242,853
47,857,212
48,754,934
49,527,55
50,904,925
51,234,655
52,696,115
53,203,760
54,81,320
55,533,14
56,578,568
57,947,207
58,268,212
59,389,782
60,32,403
61,936,839
62,817,168
63,716,254
64,595,246
65,982,500
66,242,282
67,473,547
68,578,207
69,64,883
70,693,32
71,297,575
72,48,203
73,115,326
74,382,524
75,534,165
76,90,512
77,835,67
78,641,789
79,534,793
80,897,336
81,908,383
82,682,886
83,346,19
84,321,23
85,645,237
86,916,518
87,552,602
88,439,299
89,509,942
90,655,934
91,622,760
92,771,23
93,14,66
94,811,718
95,270,491
96,253,288
97,210,322
98,62,500
99,482,810
100,388,58
101,284,597
102,603,582
103,748,998
104,378,237
105,876,748
106,486,997
107,284,378
108,748,913
109,24,370
110,297,869
111,237,161
112,225,568
113,8,8
114,876,771
115,501,161
116,167,704
117,798,637
118,148,224
119,40,61
120,445,131
121,74,811
122,322,515
123,672,61
124,533,89
125,192,943
126,527,70
127,192,156
128,945,595
129,752,382
130,712,786
131,386,565
132,284,927
133,243,161
134,26,237
135,26,816
136,684,244
137,100,263
138,175,427
139,602,760
140,321,883
141,552,214
142,58,775
143,174,524
144,470,702
145,603,256
146,380,753
147,642,280
148,876,156
149,438,925
150,704,835
151,26,59
152,91,117
153,640,725
154,717,427
155,645,286
156,543,461
157,578,826
158,299,743
159,591,191
160,19,529
161,934,315
162,67,370
163,261,729
164,298,777
165,775,225
166,830,192
167,462,607
168,493,365
169,197,303
170,256,578
171,760,843
172,462,212
173,630,693
174,524,827
175,683,672
176,361,808
177,748,709
178,19,514
179,356,927
180,298,42
181,509,242
182,982,572
183,775,316
184,90,526
185,884,808
186,152,682
187,32,257
188,617,948
189,576,245
190,667,578
191,743,799
192,622,268
193,16,462
194,991,532
195,40,473
196,368,8
197,13,585
198,19,841
199,34,474
200,355,408
201,698,496
202,361,34
203,916,977
204,274,180
205,491,261
206,449,268
207,876,207
208,368,21
209,462,168
210,444,174
211,27,258
212,214,908
213,314,942
214,1000,375
215,156,103
216,744,707
217,274,264
218,693,50
219,444,355
220,167,936
221,840,916
222,998,883
223,198,23
224,268,363
225,156,956
226,693,597
227,771,224
228,771,80
229,424,254
230,19,890
231,207,691
232,579,893
233,88,403
234,361,462
235,846,705
236,607,424
237,835,194
238,253,693
239,486,481
240,760,515
241,365,693
242,361,19
243,79,916
244,666,268
245,527,64
246,967,462
247,702,729
248,322,667
249,269,760
250,843,163
251,257,481
252,32,269
253,481,607
254,748,591
255,286,424
256,549,424
257,231,582
258,122,174
259,962,350
260,684,560
261,893,115
262,61,297
263,192,569
264,51,728
265,198,436
266,233,148
267,81,280
268,54,413
269,637,635
270,431,991
271,239,254
272,392,214
273,788,462
274,298,531
275,225,243
276,61,640
277,342,91
278,380,936
279,923,19
280,476,740
281,639,466
282,760,83
283,986,464
284,38,971
285,263,684
286,533,438
287,159,156
288,384,368
289,726,693
290,486,378
291,998,247
292,359,514
293,37,698
294,679,379
295,446,819
296,653,571
297,576,50
298,819,760
299,902,575
300,512,725
301,164,269
302,687,748
303,380,497
304,380,617
305,444,274
306,578,200
307,630,916
308,840,998
309,617,843
310,96,840
311,240,297
312,667,16
313,775,779
314,151,532
315,531,152
316,74,470
317,926,314
318,515,799
319,167,89
320,110,19
321,2,297
322,642,96
323,444,748
324,117,755
325,713,212
326,559,464
327,945,451
328,533,526
329,102,295
330,595,985
331,702,253
332,498,857
333,591,24
334,665,261
335,991,496
336,368,948
337,19,682
338,244,617
339,438,496
340,396,143
341,578,48
342,702,378
343,837,526
344,671,830
345,889,766
346,607,543
347,819,32
348,34,846
349,707,110
350,102,493
351,852,835
352,998,702
353,424,438
354,645,225
355,148,552
356,45,975
357,991,722
358,1001,297
359,873,648
360,382,216
361,954,88
362,81,34
363,908,885
364,236,945
365,813,967
366,565,534
367,641,982
368,156,378
369,161,837
370,839,970
371,50,893
372,497,591
373,92,381
374,254,91
375,810,396
376,254,955
377,410,743
378,216,547
379,410,365
380,269,444
381,971,640
382,77,419
383,619,873
384,603,533
385,424,752
386,648,439
387,636,274
388,90,445
389,693,527
390,998,148
391,876,526
392,231,691
393,92,295
394,882,843
395,684,355
396,462,408
397,66,989
398,198,857
399,380,310
400,1,74
401,791,473
402,60,568
403,570,381
404,46,449
405,641,463
406,269,51
407,225,445
408,198,827
409,59,617
410,473,31
411,718,852
412,618,96
413,725,288
414,397,386
415,10,741
416,693,976
417,787,410
418,234,760
419,527,846
420,466,396
421,728,679
422,191,214
423,876,578
424,216,641
425,87,81
426,80,906
427,528,975
428,197,840
429,811,729
430,855,60
431,704,418
432,365,470
433,197,752
434,355,477
435,967,998
436,81,790
437,449,775
438,493,884
439,216,730
440,579,837
441,956,576
442,60,645
443,897,288
444,392,503
445,329,424
446,756,493
447,350,702
448,842,446
449,726,1001
450,927,381
451,845,32
452,113,34
453,1,253
454,638,713
455,10,286
456,622,998
457,963,192
458,284,207
459,216,728
460,752,350
461,310,80
462,573,704
463,963,766
464,204,431
465,993,916
466,636,791
467,921,642
468,253,207
469,253,752
470,75,753
471,531,167
472,787,240
473,960,639
474,998,853
475,79,618
476,916,34
477,113,811
478,17,768
479,718,494
480,365,622
481,698,7
482,23,276
483,578,89
484,192,17
485,870,785
486,604,694
487,46,819
488,219,249
489,817,687
490,520,985
491,497,717
492,321,876
493,882,718
494,274,60
495,730,279
496,346,590
497,758,424
498,986,753
499,382,665
500,845,234
501,604,607
502,514,481
503,609,486
504,642,260
505,776,985
506,42,473
507,486,578
508,684,612
509,1,192
510,671,386
511,368,897
512,609,326
513,16,210
514,461,830
515,599,133
516,376,533
517,103,161
518,591,418
519,991,291
520,515,204
521,396,254
522,268,477
523,678,603
524,230,740
525,473,998
526,269,729
527,802,607
528,61,967
529,893,225
530,48,363
531,271,243
532,962,464
533,7,498
534,480,156
535,427,310
536,845,527
537,904,17
538,641,273
539,253,198
540,631,610
541,648,194
542,34,164
543,310,86
544,284,13
545,683,829
546,43,529
547,753,335
548,526,16
549,578,1
550,438,696
551,876,385
552,702,168
553,253,175
554,899,336
555,791,243
556,27,843
557,543,591
558,470,684
559,985,882
560,7,481
561,169,121
562,197,645
563,693,321
564,963,378
565,17,461
566,775,175
567,462,899
568,991,977
569,921,998
570,225,785
571,893,722
572,297,802
573,514,916
574,19,14
575,908,821
576,432,204
577,934,967
578,26,617
579,322,356
580,320,456
581,151,261
582,216,438
583,607,509
584,498,758
585,835,857
586,671,934
587,708,269
588,509,648
589,597,198
590,117,760
591,752,684
592,835,648
593,432,648
594,464,396
595,210,103
596,68,610
597,998,74
598,597,604
599,61,389
600,830,31
601,509,564
602,74,481
603,151,100
604,590,543
605,597,389
606,23,622
607,497,756
608,231,245
609,988,113
610,823,74
611,865,507
612,731,579
613,869,66
614,684,914
615,200,893
616,760,876
617,359,818
618,230,791
619,403,948
620,59,607
621,135,50
622,80,493
623,243,28
624,840,58
625,254,231
626,798,81
627,175,244
628,842,694
629,7,607
630,942,998
631,607,665
632,380,601
633,316,543
634,246,163
635,430,100
636,476,527
637,179,846
638,622,194
639,771,152
640,327,921
641,130,775
642,194,98
643,481,704
644,271,579
645,200,46
646,159,991
647,908,857
648,131,276
649,237,365
650,531,607
651,435,694
652,520,993
653,775,7
654,956,210
655,256,497
656,818,19
657,481,212
658,916,775
659,462,58
660,840,449
661,748,515
662,543,449
663,693,565
664,841,274
665,552,432
666,117,921
667,359,368
668,575,645
669,524,389
670,597,20
671,960,927
672,386,986
673,989,590
674,351,99
675,519,17
676,841,310
677,74,902
678,565,356
679,547,271
680,945,446
681,916,843
682,654,813
683,34,617
684,893,904
685,192,532
686,548,604
687,74,936
688,431,636
689,151,618
690,67,379
691,151,1
692,67,234
693,397,299
694,698,916
695,967,237
696,231,368
697,925,916
698,609,253
699,368,942
700,837,167
701,956,192
702,253,234
703,413,547
704,667,532
705,32,216
706,993,413
707,368,927
708,169,527
709,531,667
710,498,113
711,537,998
712,497,687
713,431,59
714,463,320
715,570,507
716,174,67
717,298,159
718,48,143
719,297,533
720,595,777
721,893,876
722,962,1
723,609,254
724,2,639
725,793,716
726,345,921
727,897,829
728,501,567
729,169,495
730,169,988
731,718,197
732,989,971
733,488,693
734,907,382
735,34,365
736,842,61
737,537,702
738,144,431
739,19,840
740,813,798
741,473,897
742,936,297
743,645,678
744,98,488
745,893,816
746,852,62
747,498,893
748,533,92
749,855,10
750,397,527
751,297,19
752,956,396
753,480,110
754,67,753
755,652,238
756,846,240
757,196,840
758,531,381
759,234,8
760,462,410
761,70,641
762,19,839
763,237,461
764,397,830
765,743,718
766,435,254
767,708,743
768,605,775
769,147,841
770,515,14
771,435,671
772,37,498
773,543,81
774,370,811
775,547,679
776,139,631
777,258,886
778,7,470
779,8,38
780,748,32
781,19,462
782,359,642
783,653,225
784,380,100
785,991,410
786,98,578
787,639,934
788,322,744
789,381,926
790,686,693
791,427,264
792,837,886
793,481,869
794,669,139
795,810,842
796,716,431
797,607,139
798,751,729
799,481,64
800,2,191
801,955,310
802,908,886
803,19,552
804,463,684
805,411,358
806,906,488
807,533,923
808,533,191
809,667,926
810,998,514
811,603,125
812,636,197
813,531,524
814,89,927
815,841,591
816,890,316
817,642,297
818,256,916
819,288,231
820,592,997
821,591,893
822,533,775
823,432,240
824,50,481
825,446,427
826,798,985
827,907,811
828,638,81
829,188,730
830,533,357
831,891,693
832,231,893
833,2,744
834,916,321
835,468,752
836,365,113
837,268,480
838,424,744
839,139,146
840,156,249
841,7,427
842,110,192
843,115,14
844,32,829
845,188,478
846,913,298
847,985,776
848,298,494
849,196,197
850,82,748
851,531,971
852,298,603
853,556,287
854,122,410
855,350,279
856,284,527
857,988,565
858,336,231
859,811,159
860,397,435
861,841,473
862,883,756
863,923,91
864,198,98
865,985,402
866,840,196
867,130,578
868,210,473
869,648,576
870,603,251
871,785,893
872,284,514
873,667,74
874,462,269
875,34,486
876,19,169
877,397,921
878,289,19
879,159,403
880,381,19
881,256,297
882,216,533
883,59,355
884,139,81
885,748,207
886,80,198
887,32,19
888,683,365
889,263,693
890,531,556
891,464,977
892,327,817
893,999,346
894,350,350
895,446,80
896,903,380
897,424,962
898,748,67
899,780,103
900,728,520
901,67,547
902,921,771
903,970,239
904,731,823
905,403,591
906,256,430
907,23,991
908,636,876
909,382,51
910,16,570
911,793,760
912,890,481
913,531,655
914,27,58
915,667,198
916,7,531
917,427,355
918,253,151
919,216,596
920,410,876
921,298,424
922,297,75
923,591,461
924,242,498
925,446,298
926,852,927
927,785,666
928,578,718
929,496,830
930,368,356
931,68,609
932,225,793
933,906,26
934,435,641
935,751,748
936,876,246
937,642,728
938,75,926
939,649,788
940,481,64
941,963,498
942,678,424
943,552,962
944,385,498
945,846,501
946,210,156
947,10,768
948,326,902
949,698,58
950,253,527
951,256,327
952,27,253
953,537,230
954,985,60
955,855,840
956,253,748
957,386,775
958,607,359
959,253,92
960,424,609
961,787,687
962,493,48
963,19,424
964,940,386
965,802,683
966,243,520
967,728,383
968,597,590
969,219,19
970,776,841
971,998,531
972,320,619
973,357,7
974,168,648
975,122,81
976,321,34
977,198,210
978,314,152
979,60,214
980,893,435
981,197,297
982,897,169
983,802,744
984,288,27
985,842,985
986,707,264
987,883,897
988,207,202
989,889,648
990,368,678
991,579,897
992,120,916
993,197,461
994,841,821
995,889,196
996,631,396
997,238,230
998,34,70
999,100,257
1000,316,356
1001,599,639
1002,531,249
1003,462,886
1004,682,512
1005,463,617
1006,480,300
1007,279,197
1008,645,456
1009,744,671
1010,970,175
1011,760,904
1012,152,693
1013,559,80
1014,827,852
1015,191,90
1016,985,81
1017,565,216
1018,424,768
1019,693,274
1020,787,683
1021,691,771
1022,997,921
1023,531,696
1024,639,891
1025,253,34
1026,253,648
1027,234,14
1028,236,198
1029,274,198
1030,891,576
1031,338,474
1032,156,495
1033,488,991
1034,709,609
1035,595,358
1036,855,34
1037,835,254
1038,300,368
1039,903,103
1040,636,645
1041,139,709
1042,253,772
1043,639,159
1044,729,253
1045,780,802
1046,988,857
1047,225,8
1048,853,410
1049,717,396
1050,58,169
1051,654,998
1052,653,120
1053,463,253
1054,456,591
1055,907,934
1056,827,110
1057,693,34
1058,845,609
1059,599,365
1060,322,231
1061,469,618
1062,603,365
1063,637,431
1064,224,284
1065,993,289
1066,335,665
1067,859,591
1068,59,775
1069,926,68
1070,284,531
1071,96,604
1072,776,527
1073,682,444
1074,976,81
1075,823,115
1076,515,576
1077,246,481
1078,271,749
1079,351,985
1080,533,288
1081,659,840
1082,234,891
1083,7,665
1084,284,841
1085,346,357
1086,748,753
1087,619,207
1088,464,841
1089,1,857
1090,388,835
1091,869,780
1092,19,907
1093,725,410
1094,906,916
1095,271,70
1096,438,431
1097,846,498
1098,560,380
1099,671,665
1100,21,17
1101,321,279
1102,743,788
1103,609,493
1104,231,840
1105,526,722
1106,785,81
1107,14,619
1108,34,744
1109,68,359
1110,19,785
1111,998,321
1112,509,970
1113,19,903
1114,438,147
1115,9,299
1116,846,42
1117,58,115
1118,130,308
1119,60,949
1120,335,512
1121,629,592
1122,498,427
1123,444,32
1124,579,840
1125,825,837
1126,603,446
1127,335,641
1128,191,379
1129,667,168
1130,477,192
1131,603,843
1132,713,748
1133,350,694
1134,785,356
1135,671,654
1136,840,531
1137,532,139
1138,640,19
1139,985,380
1140,797,365
1141,462,503
1142,216,520
1143,533,295
1144,942,432
1145,603,893
1146,725,131
1147,237,151
1148,638,256
1149,961,488
1150,19,893
1151,62,967
1152,28,993
1153,244,192
1154,383,111
1155,667,899
1156,46,780
1157,921,46
1158,748,151
1159,707,34
1160,754,717
1161,363,329
1162,903,533
1163,498,998
1164,883,883
1165,335,923
1166,771,396
1167,83,787
1168,962,744
1169,906,424
1170,463,7
1171,840,130
1172,478,46
1173,230,725
1174,876,725
1175,631,998
1176,547,397
1177,322,342
1178,962,498
1179,92,196
1180,258,147
1181,787,787
1182,993,481
1183,873,481
1184,8,64
1185,256,748
1186,754,927
1187,548,444
1188,418,202
1189,45,418
1190,2,998
1191,578,971
1192,86,1001
1193,642,19
1194,515,493
1195,7,501
1196,823,88
1197,481,59
1198,531,198
1199,254,942
1200,230,810
1201,469,642
1202,122,34
1203,855,410
1204,61,14
1205,66,397
1206,133,446
1207,380,99
1208,709,238
1209,547,26
1210,823,7
1211,102,90
1212,236,989
1213,603,744
1214,754,993
1215,717,80
1216,111,752
1217,713,934
1218,998,639
1219,363,591
1220,991,855
1221,19,998
1222,799,462
1223,775,322
1224,948,19
1225,144,321
1226,763,169
1227,893,143
1228,869,180
1229,603,998
1230,17,962
1231,815,780
1232,653,967
1233,526,527
1234,846,531
1235,998,231
1236,977,498
1237,934,640
1238,94,641
1239,169,840
1240,616,576
1241,645,125
1242,59,907
1243,17,238
1244,617,654
1245,10,776
1246,921,607
1247,962,709
1248,798,619
1249,975,356
1250,273,678
1251,835,869
1252,21,45
1253,449,890
1254,515,253
1255,514,603
1256,7,578
1257,254,998
1258,288,876
1259,667,34
1260,493,346
1261,740,198
1262,961,298
1263,531,210
1264,488,509
1265,595,238
1266,907,923
1267,666,960
1268,655,225
1269,704,365
1270,54,198
1271,427,840
1272,853,382
1273,257,853
1274,155,477
1275,237,785
1276,789,196
1277,161,596
1278,368,322
1279,225,236
1280,654,280
1281,923,225
1282,846,288
1283,92,792
1284,224,159
1285,890,19
1286,755,67
1287,841,410
1288,565,34
1289,819,342
1290,90,668
1291,321,835
1292,564,115
1293,841,10
1294,855,244
1295,376,830
1296,274,876
1297,963,755
1298,257,835
1299,926,322
1300,321,81
1301,786,322
1302,161,464
1303,51,509
1304,639,2
1305,968,473
1306,200,776
1307,948,597
1308,264,546
1309,64,338
1310,638,596
1311,19,654
1312,846,258
1313,528,297
1314,641,358
1315,424,66
1316,876,284
1317,504,524
1318,368,335
1319,43,747
1320,368,159
1321,413,110
1322,707,977
1323,876,43
1324,462,238
1325,749,515
1326,188,244
1327,424,679
1328,991,299
1329,161,197
1330,253,527
1331,698,81
1332,481,693
1333,707,853
1334,698,252
1335,641,239
1336,451,329
1337,435,351
1338,618,19
1339,269,616
1340,397,998
1341,590,819
1342,263,682
1343,702,225
1344,841,823
1345,368,827
1346,7,216
1347,743,462
1348,599,842
1349,88,64
1350,243,256
1351,903,552
1352,466,890
1353,61,642
1354,830,556
1355,273,515
1356,876,254
1357,231,619
1358,113,642
1359,869,921
1360,274,531
1361,382,802
1362,225,811
1363,903,560
1364,880,754
1365,790,543
1366,98,961
1367,648,512
1368,380,385
1369,258,707
1370,961,164
1371,893,934
1372,977,780
1373,380,34
1374,841,100
1375,725,743
1376,161,130
1377,167,396
1378,16,934
1379,131,102
1380,322,904
1381,710,90
1382,167,413
1383,611,753
1384,829,216
1385,893,528
1386,23,338
1387,967,855
1388,942,666
1389,841,876
1390,159,156
1391,629,691
1392,161,927
1393,274,34
1394,988,424
1395,597,547
1396,159,236
1397,197,785
1398,785,148
1399,219,916
1400,543,985
1401,368,876
1402,438,397
1403,493,80
1404,498,552
1405,148,376
1406,640,451
1407,90,514
1408,365,1
1409,321,321
1410,16,257
1411,855,926
1412,653,81
1413,693,498
1414,908,869
1415,104,497
1416,23,665
1417,893,50
1418,636,427
1419,23,480
1420,68,645
1421,237,743
1422,855,534
1423,775,449
1424,503,7
1425,923,321
1426,273,667
1427,841,237
1428,549,59
1429,659,515
1430,936,527
1431,618,288
1432,893,329
1433,842,7
1434,456,104
1435,603,709
1436,985,449
1437,945,526
1438,210,659
1439,51,707
1440,760,648
1441,298,936
1442,743,889
1443,322,707
1444,798,835
1445,481,365
1446,378,840
1447,263,702
1448,98,639
1449,926,790
1450,963,376
1451,954,2
1452,385,64
1453,361,446
1454,985,528
1455,256,464
1456,191,736
1457,916,402
1458,23,62
1459,161,17
1460,760,46
1461,693,618
1462,219,268
1463,986,225
1464,590,855
1465,269,993
1466,936,829
1467,534,59
1468,788,509
1469,351,161
1470,424,622
1471,207,936
1472,231,751
1473,103,788
1474,214,109
1475,23,488
1476,543,335
1477,748,59
1478,370,830
1479,684,61
1480,271,488
1481,668,855
1482,641,725
1483,547,231
1484,16,424
1485,164,679
1486,842,462
1487,322,54
1488,643,225
1489,361,94
1490,381,59
1491,231,253
1492,642,927
1493,722,148
1494,775,1
1495,8,192
1496,653,322
1497,380,225
1498,518,865
1499,999,578
1500,225,927
1501,659,58
1502,274,133
1503,101,999
1504,693,46
1505,736,619
1506,889,718
1507,637,729
1508,165,192
1509,591,2
1510,537,642
1511,693,760
1512,284,151
1513,253,639
1514,876,19
1515,534,560
1516,533,899
1517,268,970
1518,464,970
1519,659,143
1520,884,287
1521,748,986
1522,102,531
1523,873,231
1524,488,19
1525,693,59
1526,638,207
1527,7,214
1528,977,552
1529,139,396
1530,240,789
1531,865,219
1532,790,335
1533,989,752
1534,607,993
1535,548,691
1536,197,152
1537,612,424
1538,819,110
1539,120,728
1540,991,368
1541,501,597
1542,991,14
1543,198,463
1544,819,722
1545,897,678
1546,855,351
1547,547,998
1548,435,835
1549,533,192
1550,859,143
1551,258,693
1552,386,630
1553,191,787
1554,335,210
1555,755,287
1556,985,231
1557,295,654
1558,351,748
1559,905,432
1560,261,473
1561,498,936
1562,488,798
1563,659,488
1564,936,865
1565,121,785
1566,231,531
1567,645,196
1568,264,751
1569,402,907
1570,982,379
1571,11,827
1572,876,274
1573,540,26
1574,225,998
1575,527,121
1576,152,214
1577,413,743
1578,26,731
1579,66,515
1580,991,876
1581,130,148
1582,359,893
1583,893,962
1584,648,32
1585,993,363
1586,748,893
1587,466,534
1588,210,659
1589,907,461
1590,497,225
1591,424,1001
1592,527,841
1593,671,825
1594,640,413
1595,707,253
1596,413,653
1597,19,876
1598,363,59
1599,253,427
1600,197,751
1601,495,869
1602,843,694
1603,597,59
1604,110,744
1605,533,284
1606,245,842
1607,986,883
1608,175,648
1609,618,903
1610,225,710
1611,207,380
1612,665,175
1613,975,903
1614,752,214
1615,962,109
1616,533,237
1617,678,191
1618,397,748
1619,397,253
1620,906,504
1621,659,48
1622,271,876
1623,718,997
1624,258,257
1625,698,829
1626,378,424
1627,428,514
1628,902,297
1629,210,462
1630,61,70
1631,908,748
1632,152,168
1633,755,991
1634,245,321
1635,90,80
1636,840,640
1637,882,351
1638,926,775
1639,386,329
1640,207,686
1641,297,574
1642,749,497
1643,31,258
1644,169,985
1645,386,210
1646,384,59
1647,504,636
1648,897,204
1649,7,359
1650,923,843
1651,653,963
1652,713,985
1653,573,546
1654,936,298
1655,736,351
1656,925,214
1657,151,236
1658,168,403
1659,214,648
1660,595,713
1661,297,682
1662,23,74
1663,705,668
1664,196,540
1665,198,335
1666,225,780
1667,748,934
1668,155,693
1669,335,431
1670,322,954
1671,599,1001
1672,991,357
1673,599,314
1674,34,612
1675,247,760
1676,754,462
1677,855,225
1678,641,728
1679,23,643
1680,23,640
1681,198,970
1682,597,648
1683,163,936
1684,641,64
1685,16,435
1686,297,175
1687,486,159
1688,603,908
1689,244,365
1690,245,693
1691,10,495
1692,335,322
1693,563,961
1694,125,698
1695,775,385
1696,507,630
1697,43,962
1698,853,968
1699,567,198
1700,899,231
1701,948,198
1702,351,531
1703,948,88
1704,752,841
1705,225,504
1706,748,815
1707,531,152
1708,383,547
1709,284,477
1710,438,216
1711,59,659
1712,775,528
1713,509,504
1714,496,641
1715,26,19
1716,75,638
1717,592,74
1718,678,497
1719,568,368
1720,776,902
1721,121,368
1722,122,954
1723,61,963
1724,234,245
1725,604,64
1726,367,533
1727,77,748
1728,212,121
1729,829,640
1730,246,207
1731,754,486
1732,131,7
1733,693,659
1734,857,274
1735,751,361
1736,643,531
1737,10,643
1738,174,977
1739,991,840
1740,146,564
1741,597,590
1742,359,531
1743,62,893
1744,389,883
1745,23,46
1746,299,645
1747,748,163
1748,61,207
1749,653,368
1750,376,743
1751,244,19
1752,488,192
1753,829,197
1754,234,869
1755,532,991
1756,823,548
1757,7,363
1758,384,23
1759,231,986
1760,776,991
1761,486,81
1762,27,948
1763,543,986
1764,782,19
1765,608,159
1766,297,121
1767,819,446
1768,256,855
1769,74,923
1770,59,435
1771,16,62
1772,284,893
1773,693,214
1774,468,515
1775,174,287
1776,846,481
1777,167,775
1778,216,975
1779,139,549
1780,916,736
1781,604,597
1782,748,388
1783,312,258
1784,481,977
1785,75,853
1786,603,603
1787,811,493
1788,19,438
1789,835,548
1790,17,617
1791,491,679
1792,667,257
1793,842,748
1794,135,893
1795,17,578
1796,424,985
1797,210,948
1798,17,463
1799,716,573
1800,609,679
1801,207,923
1802,725,430
1803,152,257
1804,855,197
1805,397,791
1806,268,191
1807,637,841
1808,196,7
1809,148,383
1810,693,67
1811,497,216
1812,381,432
1813,27,825
1814,236,527
1815,164,504
1816,802,424
1817,355,365
1818,904,210
1819,693,288
1820,32,432
1821,488,520
1822,893,219
1823,693,451
1824,936,88
1825,842,258
1826,998,752
1827,368,515
1828,368,351
1829,491,629
1830,986,991
1831,224,231
1832,837,424
1833,693,841
1834,853,728
1835,161,139
1836,876,361
1837,751,151
1838,751,841
1839,438,198
1840,537,829
1841,350,531
1842,630,253
1843,991,873
1844,988,607
1845,728,679
1846,595,616
1847,599,713
1848,790,954
1849,130,231
1850,60,59
1851,254,722
1852,131,954
1853,499,693
1854,207,520
1855,473,312
1856,678,288
1857,240,823
1858,718,829
1859,297,9
1860,756,22
1861,749,897
1862,102,297
1863,537,159
1864,121,531
1865,257,346
1866,661,907
1867,497,923
1868,693,560
1869,501,916
1870,609,698
1871,249,782
1872,243,470
1873,117,556
1874,982,23
1875,682,698
1876,752,857
1877,827,359
1878,202,497
1879,225,284
1880,212,648
1881,926,991
1882,652,775
1883,908,67
1884,256,590
1885,234,409
1886,7,493
1887,754,882
1888,260,683
1889,825,693
1890,916,893
1891,463,31
1892,962,225
1893,351,936
1894,985,717
1895,131,955
1896,382,908
1897,225,642
1898,61,207
1899,963,713
1900,641,23
1901,151,893
1902,985,997
1903,496,356
1904,111,526
1905,23,736
1906,335,380
1907,840,225
1908,876,609
1909,168,736
1910,817,722
1911,411,526
1912,298,948
1913,154,361
1914,346,755
1915,269,603
1916,653,316
1917,751,438
1918,817,876
1919,743,335
1920,693,883
1921,775,146
1922,131,777
1923,810,609
1924,477,363
1925,509,256
1926,693,363
1927,40,438
1928,10,802
1929,288,607
1930,68,923
1931,671,702
1932,19,693
1933,424,121
1934,191,131
1935,781,906
1936,693,23
1937,397,370
1938,802,269
1939,921,967
1940,481,637
1941,339,970
1942,207,955
1943,368,216
1944,718,357
1945,603,552
1946,748,243
1947,947,335
1948,926,9
1949,240,817
1950,560,231
1951,461,60
1952,572,27
1953,683,488
1954,159,985
1955,653,982
1956,151,214
1957,90,997
1958,381,640
1959,578,161
1960,151,240
1961,7,329
1962,518,2
1963,573,947
1964,271,497
1965,618,842
1966,817,188
1967,775,17
1968,546,985
1969,704,693
1970,26,532
1971,225,26
1972,578,358
1973,168,567
1974,335,151
1975,111,216
1976,961,225
1977,948,533
1978,88,717
1979,531,653
1980,488,846
1981,729,921
1982,299,666
1983,963,841
1984,210,7
1985,48,68
1986,386,916
1987,637,989
1988,781,253
1989,258,549
1990,855,109
1991,135,842
1992,726,923
1993,835,668
1994,599,435
1995,381,368
1996,67,927
1997,785,382
1998,496,817
1999,785,998
2000,855,579
2001,115,493
2002,424,527
2003,638,837
2004,533,893
2005,156,8
2006,95,22
2007,32,66
2008,618,629
2009,551,678
2010,527,908
2011,728,908
2012,698,43
2013,263,81
2014,385,402
2015,167,985
2016,19,846
2017,599,710
2018,897,19
2019,167,238
2020,830,60
2021,830,609
2022,59,595
2023,640,335
2024,876,641
2025,533,926
2026,527,130
2027,998,90
2028,380,131
2029,653,637
2030,532,782
2031,412,774
2032,998,254
2033,693,855
2034,231,264
2035,258,2
2036,775,760
2037,90,427
2038,46,59
2039,859,246
2040,726,327
2041,771,27
2042,54,470
2043,380,531
2044,236,161
2045,1002,603
2046,977,936
2047,298,636
2048,873,424
2049,42,167
2050,540,34
2051,655,159
2052,998,859
2053,194,752
2054,402,196
2055,755,603
2056,993,365
2057,346,188
2058,921,998
2059,985,591
2060,748,461
2061,515,163
2062,9,630
2063,609,590
2064,219,497
2065,9,365
2066,565,636
2067,98,1
2068,728,678
2069,567,59
2070,197,493
2071,260,273
2072,413,256
2073,842,618
2074,2,80
2075,597,507
2076,991,45
2077,61,90
2078,934,661
2079,817,967
2080,263,397
2081,131,397
2082,110,533
2083,934,962
2084,418,893
2085,908,253
2086,671,59
2087,504,403
2088,300,936
2089,498,271
2090,266,970
2091,120,962
2092,691,788
2093,531,904
2094,825,599
2095,812,639
2096,397,908
2097,381,698
2098,110,276
2099,962,798
2100,936,736
2101,813,859
2102,948,196
2103,655,853
2104,139,335
2105,642,916
2106,815,257
2107,34,298
2108,7,26
2109,50,207
2110,284,19
2111,531,98
2112,672,388
2113,638,202
2114,527,8
2115,636,903
2116,271,729
2117,691,967
2118,240,476
2119,297,640
2120,321,210
2121,565,963
2122,368,748
2123,659,855
2124,191,643
2125,775,165
2126,576,908
2127,336,813
2128,766,883
2129,7,1
2130,968,619
2131,537,236
2132,27,60
2133,151,991
2134,961,43
2135,903,923
2136,16,253
2137,968,648
2138,121,488
2139,967,463
2140,314,668
2141,19,702
2142,907,641
2143,578,808
2144,122,98
2145,81,477
2146,504,62
2147,17,17
2148,604,629
2149,462,10
2150,827,731
2151,893,533
2152,88,520
2153,77,963
2154,785,164
2155,197,927
2156,321,410
2157,998,707
2158,921,787
2159,802,748
2160,791,117
2161,23,897
2162,816,533
2163,45,509
2164,923,713
2165,907,154
2166,693,512
2167,2,997
2168,630,19
2169,23,947
2170,818,161
2171,139,603
2172,531,424
2173,743,882
2174,873,748
2175,67,985
2176,998,986
2177,148,652
2178,243,642
2179,985,671
2180,192,532
2181,654,351
2182,234,167
2183,527,263
2184,841,883
2185,493,496
2186,574,191
2187,322,115
2188,771,725
2189,386,591
2190,32,855
2191,636,234
2192,51,1
2193,603,731
2194,396,260
2195,23,823
2196,923,534
2197,481,234
2198,156,817
2199,392,642
2200,197,16
2201,256,883
2202,948,907
2203,927,357
2204,748,533
2205,641,497
2206,889,907
2207,169,531
2208,645,75
2209,161,907
2210,885,19
2211,491,921
2212,256,736
2213,817,351
2214,693,781
2215,90,812
2216,728,386
2217,79,254
2218,8,40
2219,840,927
2220,790,75
2221,533,512
2222,842,245
2223,496,961
2224,963,139
2225,775,630
2226,122,380
2227,893,718
2228,491,7
2229,533,707
2230,893,383
2231,921,618
2232,239,297
2233,940,722
2234,629,817
2235,991,148
2236,819,256
2237,2,507
2238,207,921
2239,748,90
2240,397,376
2241,225,269
2242,643,403
2243,481,531
2244,641,923
2245,424,968
2246,274,476
2247,2,54
2248,823,9
2249,310,725
2250,75,470
2251,540,122
2252,666,368
2253,537,940
2254,14,470
2255,13,381
2256,462,198
2257,748,284
2258,166,477
2259,667,388
2260,40,859
2261,751,817
2262,461,812
2263,637,859
2264,466,717
2265,430,787
2266,363,991
2267,618,787
2268,679,312
2269,967,351
2270,991,75
2271,678,876
2272,897,512
2273,748,122
2274,152,707
2275,225,748
2276,787,904
2277,380,578
2278,168,683
2279,684,40
2280,948,210
2281,840,102
2282,597,257
2283,94,225
2284,361,751
2285,247,346
2286,224,139
2287,638,32
2288,515,507
2289,253,705
2290,592,859
2291,499,336
2292,949,785
2293,219,653
2294,641,551
2295,397,230
2296,131,67
2297,787,698
2298,533,23
2299,609,729
2300,726,869
2301,883,154
2302,287,813
2303,640,231
2304,481,603
2305,942,9
2306,726,756
2307,948,940
2308,841,639
2309,17,90
2310,94,234
2311,438,617
2312,629,547
2313,840,380
2314,827,652
2315,991,355
2316,639,923
2317,59,756
2318,547,532
2319,383,968
2320,17,7
2321,169,216
2322,645,43
2323,527,790
2324,151,760
2325,210,775
2326,212,261
2327,934,659
2328,139,842
2329,295,751
2330,322,45
2331,961,477
2332,873,62
2333,963,48
2334,645,515
2335,725,648
2336,793,961
2337,403,380
2338,751,645
2339,253,991
2340,518,481
2341,17,209
2342,368,23
2343,936,111
2344,196,225
2345,91,991
2346,79,61
2347,949,527
2348,524,837
2349,216,284
2350,687,736
2351,704,297
2352,350,666
2353,693,191
2354,254,791
2355,942,936
2356,295,310
2357,413,608
2358,322,451
2359,28,497
2360,424,424
2361,641,397
2362,899,722
2363,432,698
2364,27,260
2365,841,80
2366,971,748
2367,256,32
2368,1,684
2369,131,726
2370,648,260
2371,295,578
2372,212,567
2373,163,645
2374,725,977
2375,547,527
2376,298,835
2377,2,787
2378,841,256
2379,359,300
2380,543,61
2381,893,678
2382,759,231
2383,486,524
2384,28,486
2385,893,363
2386,256,876
2387,748,597
2388,19,488
2389,666,81
2390,916,518
2391,728,19
2392,253,934
2393,579,397
2394,748,705
2395,60,17
2396,518,463
2397,368,253
2398,817,781
2399,264,873
2400,236,19
2401,231,543
2402,191,380
2403,61,130
2404,641,787
2405,855,216
2406,841,754
2407,269,961
2408,96,775
2409,559,948
2410,948,774
2411,945,725
2412,216,225
2413,504,261
2414,486,381
2415,166,90
2416,10,791
2417,865,19
2418,775,59
2419,378,274
2420,88,754
2421,67,515
2422,962,993
2423,131,152
2424,298,726
2425,384,59
2426,840,16
2427,424,163
2428,603,846
2429,2,94
2430,736,961
2431,991,462
2432,397,707
2433,148,225
2434,514,194
2435,743,846
2436,638,903
2437,533,231
2438,629,934
2439,710,518
2440,231,655
2441,444,815
2442,597,192
2443,907,254
2444,543,7
2445,816,21
2446,197,693
2447,693,288
2448,396,16
2449,350,191
2450,60,641
2451,841,495
2452,869,26
2453,284,357
2454,321,207
2455,34,209
2456,841,28
2457,90,725
2458,991,27
2459,269,212
2460,23,169
2461,224,271
2462,28,655
2463,641,321
2464,609,19
2465,785,843
2466,496,693
2467,744,579
2468,350,859
2469,991,368
2470,180,493
2471,420,755
2472,261,752
2473,191,629
2474,921,397
2475,693,603
2476,234,830
2477,531,537
2478,58,50
2479,597,641
2480,225,725
2481,619,139
2482,642,68
2483,61,43
2484,75,638
2485,361,641
2486,829,346
2487,925,397
2488,908,893
2489,481,461
2490,574,790
2491,463,210
2492,7,154
2493,34,2
2494,269,339
2495,274,48
2496,637,110
2497,693,410
2498,192,225
2499,19,288
2500,507,547
2501,496,461
2502,595,289
2503,907,397
2504,743,949
2505,1,578
2506,667,438
2507,59,81
2508,899,907
2509,524,653
2510,103,386
2511,59,234
2512,629,335
2513,771,725
2514,604,61
2515,942,672
2516,210,672
2517,579,574
2518,198,565
2519,975,219
2520,271,897
2521,253,574
2522,413,829
2523,261,432
2524,771,7
2525,882,14
2526,463,269
2527,518,755
2528,960,23
2529,2,504
2530,154,19
2531,840,225
2532,115,813
2533,998,261
2534,568,376
2535,96,225
2536,982,817
2537,975,16
2538,599,527
2539,379,782
2540,818,942
2541,321,603
2542,34,518
2543,540,671
2544,96,595
2545,295,908
2546,873,865
2547,46,693
2548,378,240
2549,592,551
2550,10,32
2551,148,565
2552,921,649
2553,45,130
2554,196,756
2555,835,61
2556,751,59
2557,659,684
2558,207,810
2559,438,942
2560,921,461
2561,351,641
2562,709,907
2563,548,161
2564,958,413
2565,537,258
2566,493,713
2567,636,637
2568,493,819
2569,169,396
2570,645,2
2571,934,842
2572,403,19
2573,130,908
2574,527,169
2575,169,237
2576,603,264
2577,985,927
2578,638,507
2579,802,45
2580,926,300
2581,607,427
2582,113,693
2583,810,46
2584,991,579
2585,424,592
2586,103,202
2587,579,122
2588,575,269
2589,993,335
2590,350,637
2591,532,527
2592,925,169
2593,642,775
2594,115,638
2595,531,2
2596,164,321
2597,916,335
2598,292,991
2599,707,840
2600,603,903
2601,96,853
2602,533,363
2603,113,335
2604,225,648
2605,603,376
2606,643,75
2607,671,534
2608,73,968
2609,194,216
2610,843,893
2611,925,906
2612,531,130
2613,565,10
2614,196,27
2615,70,463
2616,956,210
2617,169,378
2618,940,298
2619,802,22
2620,392,45
2621,139,493
2622,520,725
2623,90,916
2624,961,10
2625,464,363
2626,853,923
2627,793,488
2628,74,424
2629,988,869
2630,254,2
2631,655,19
2632,159,578
2633,297,841
2634,378,855
2635,609,731
2636,151,641
2637,245,940
2638,855,154
2639,34,256
2640,270,785
2641,335,463
2642,445,903
2643,829,671
2644,273,640
2645,74,890
2646,666,156
2647,902,403
2648,46,350
2649,840,622
2650,642,60
2651,403,424
2652,925,424
2653,748,926
2654,540,617
2655,493,225
2656,273,498
2657,254,298
2658,197,295
2659,74,22
2660,42,497
2661,446,298
2662,258,653
2663,962,316
2664,38,578
2665,760,731
2666,604,134
2667,28,234
2668,488,219
2669,961,191
2670,28,266
2671,498,725
2672,893,88
2673,361,604
2674,672,908
2675,253,726
2676,810,672
2677,731,473
2678,775,444
2679,115,755
2680,752,527
2681,40,19
2682,8,975
2683,197,812
2684,321,113
2685,130,548
2686,247,636
2687,873,498
2688,570,756
2689,402,497
2690,926,693
2691,269,985
2692,243,595
2693,975,841
2694,503,527
2695,708,194
2696,645,603
2697,986,245
2698,34,748
2699,993,798
2700,619,396
2701,717,823
2702,94,921
2703,312,122
2704,16,503
2705,42,493
2706,977,392
2707,322,45
2708,986,180
2709,678,830
2710,998,782
2711,225,336
2712,580,413
2713,498,231
2714,671,693
2715,718,520
2716,216,843
2717,956,493
2718,384,962
2719,130,298
2720,819,493
2721,246,890
2722,152,962
2723,873,815
2724,889,818
2725,268,139
2726,531,958
2727,466,461
2728,375,603
2729,198,603
2730,945,579
2731,526,876
2732,526,361
2733,850,936
2734,381,921
2735,998,841
2736,748,645
2737,885,534
2738,322,350
2739,636,597
2740,679,551
2741,288,380
2742,925,67
2743,196,977
2744,817,948
2745,507,358
2746,284,923
2747,759,23
2748,841,13
2749,846,599
2750,424,42
2751,795,368
2752,693,316
2753,893,397
2754,558,630
2755,913,907
2756,682,702
2757,552,381
2758,75,693
2759,533,961
2760,37,671
2761,274,840
2762,748,534
2763,837,893
2764,667,893
2765,412,693
2766,410,748
2767,527,671
2768,876,159
2769,693,841
2770,876,322
2771,908,130
2772,444,775
2773,659,599
2774,998,543
2775,68,537
2776,16,968
2777,942,139
2778,527,231
2779,19,350
2780,368,295
2781,754,989
2782,460,197
2783,159,648
2784,637,855
2785,197,131
2786,837,46
2787,192,245
2788,310,591
2789,653,726
2790,375,524
2791,948,438
2792,515,592
2793,368,350
2794,540,609
2795,821,520
2796,902,748
2797,839,310
2798,730,230
2799,830,876
2800,902,527
2801,231,666
2802,314,693
2803,616,560
2804,16,385
2805,567,754
2806,726,1
2807,269,91
2808,570,269
2809,817,310
2810,597,380
2811,843,540
2812,92,841
2813,23,923
2814,638,197
2815,659,258
2816,531,843
2817,74,956
2818,299,466
2819,493,17
2820,322,751
2821,505,134
2822,463,191
2823,548,985
2824,197,115
2825,164,578
2826,578,13
2827,591,381
2828,498,368
2829,380,38
2830,257,752
2831,13,897
2832,595,19
2833,597,565
2834,322,704
2835,653,261
2836,32,131
2837,751,266
2838,397,424
2839,445,32
2840,368,96
2841,231,748
2842,982,466
2843,823,403
2844,95,216
2845,533,717
2846,297,515
2847,359,297
2848,671,986
2849,846,424
2850,751,551
2851,321,103
2852,707,159
2853,716,791
2854,410,728
2855,156,23
2856,641,493
2857,130,751
2858,151,358
2859,671,346
2860,197,68
2861,58,207
2862,869,413
2863,2,890
2864,963,889
2865,940,925
2866,926,74
2867,708,787
2868,680,962
2869,38,113
2870,868,641
2871,438,893
2872,70,775
2873,693,998
2874,743,638
2875,653,156
2876,152,923
2877,131,537
2878,219,672
2879,823,115
2880,515,45
2881,297,298
2882,14,376
2883,225,34
2884,417,507
2885,595,540
2886,1,921
2887,512,322
2888,925,346
2889,556,312
2890,148,985
2891,630,540
2892,469,498
2893,381,243
2894,771,840
2895,501,270
2896,266,712
2897,396,617
2898,925,671
2899,430,463
2900,962,288
2901,899,2
2902,540,121
2903,578,493
2904,61,167
2905,527,775
2906,269,236
2907,907,926
2908,310,988
2909,921,424
2910,942,707
2911,597,130
2912,385,574
2913,243,667
2914,497,926
2915,533,359
2916,131,841
2917,603,597
2918,257,196
2919,16,837
2920,17,254
2921,802,370
2922,174,693
2923,155,231
2924,102,90
2925,812,159
2926,363,73
2927,897,752
2928,705,926
2929,934,351
2930,718,619
2931,410,159
2932,942,982
2933,637,661
2934,380,350
2935,48,925
2936,427,712
2937,361,335
2938,350,381
2939,531,659
2940,876,755
2941,936,397
2942,669,210
2943,775,375
2944,159,531
2945,829,547
2946,19,276
2947,857,131
2948,256,926
2949,607,254
2950,560,749
2951,713,567
2952,161,991
2953,42,962
2954,61,498
2955,19,271
2956,817,592
2957,775,526
2958,839,725
2959,77,321
2960,667,19
2961,468,531
2962,648,642
2963,945,493
2964,19,639
2965,156,907
2966,438,830
2967,839,547
2968,462,380
2969,103,74
2970,771,438
2971,664,565
2972,526,179
2973,948,392
2974,263,90
2975,962,579
2976,830,705
2977,264,10
2978,885,216
2979,903,760
2980,130,397
2981,240,60
2982,148,120
2983,802,751
2984,253,637
2985,540,868
2986,823,231
2987,320,424
2988,585,346
2989,970,970
2990,655,498
2991,96,194
2992,811,219
2993,96,121
2994,104,503
2995,947,88
2996,494,580
2997,321,977
2998,113,751
2999,637,19
3000,962,936
3001,44,207
3002,19,698
3003,493,367
3004,725,445
3005,461,956
3006,427,314
3007,363,991
3008,543,873
3009,165,507
3010,602,612
3011,655,817
3012,131,989
3013,154,424
3014,659,835
3015,815,356
3016,528,77
3017,630,537
3018,368,346
3019,782,578
3020,178,718
3021,958,693
3022,73,604
3023,225,970
3024,207,902
3025,115,10
3026,839,28
3027,993,748
3028,466,424
3029,975,2
3030,268,817
3031,603,708
3032,528,17
3033,139,197
3034,982,897
3035,781,240
3036,667,231
3037,420,515
3038,100,28
3039,154,829
3040,216,945
3041,245,659
3042,752,597
3043,322,34
3044,82,298
3045,897,890
3046,728,985
3047,755,95
3048,339,908
3049,336,659
3050,645,96
3051,576,771
3052,387,548
3053,667,113
3054,537,817
3055,122,722
3056,576,292
3057,533,787
3058,328,321
3059,110,986
3060,246,725
3061,540,42
3062,284,351
3063,693,671
3064,167,752
3065,595,194
3066,486,841
3067,481,210
3068,991,88
3069,776,618
3070,161,96
3071,766,225
3072,573,385
3073,528,985
3074,263,811
3075,274,552
3076,297,518
3077,775,578
3078,361,98
3079,975,923
3080,497,537
3081,936,88
3082,873,368
3083,868,578
3084,962,956
3085,361,619
3086,547,603
3087,188,88
3088,988,963
3089,578,936
3090,288,243
3091,498,486
3092,963,515
3093,384,837
3094,942,264
3095,893,893
3096,27,463
3097,547,641
3098,514,830
3099,192,100
3100,975,607
3101,159,75
3102,641,532
3103,936,154
3104,359,725
3105,835,893
3106,122,356
3107,595,98
3108,77,985
3109,359,322
3110,707,269
3111,163,462
3112,603,10
3113,756,641
3114,19,411
3115,640,524
3116,846,956
3117,273,113
3118,942,370
3119,693,351
3120,216,19
3121,775,693
3122,873,936
3123,169,616
3124,565,726
3125,549,869
3126,13,260
3127,376,321
3128,497,717
3129,295,597
3130,618,540
3131,261,493
3132,361,164
3133,743,154
3134,284,936
3135,258,197
3136,261,361
3137,708,893
3138,726,962
3139,748,876
3140,684,717
3141,507,212
3142,537,98
3143,948,498
3144,19,925
3145,893,527
3146,151,975
3147,151,297
3148,846,197
3149,904,413
3150,787,231
3151,537,19
3152,810,424
3153,21,869
3154,27,95
3155,107,948
3156,14,547
3157,310,537
3158,225,368
3159,967,904
3160,464,376
3161,656,830
3162,260,868
3163,748,469
3164,667,940
3165,846,533
3166,961,397
3167,368,993
3168,216,219
3169,568,212
3170,698,948
3171,760,707
3172,350,988
3173,645,295
3174,233,595
3175,322,667
3176,774,835
3177,975,907
3178,254,543
3179,507,79
3180,493,210
3181,977,288
3182,926,237
3183,645,148
3184,197,636
3185,869,942
3186,839,537
3187,515,98
3188,174,754
3189,67,269
3190,693,61
3191,481,288
3192,152,963
3193,61,653
3194,161,942
3195,641,775
3196,356,169
3197,638,159
3198,350,284
3199,111,672
3200,74,543
3201,131,775
3202,998,151
3203,903,256
3204,985,367
3205,412,102
3206,897,151
3207,637,653
3208,560,608
3209,81,782
3210,94,284
3211,22,961
3212,463,693
3213,572,766
3214,8,841
3215,238,718
3216,709,491
3217,243,717
3218,985,284
3219,42,528
3220,526,156
3221,759,776
3222,355,368
3223,886,462
3224,899,350
3225,263,148
3226,575,427
3227,480,368
3228,42,473
3229,192,637
3230,254,276
3231,462,34
3232,549,698
3233,198,531
3234,936,515
3235,449,387
3236,207,707
3237,678,869
3238,707,595
3239,161,531
3240,268,873
3241,998,148
3242,31,840
3243,501,350
3244,203,603
3245,694,759
3246,882,90
3247,641,947
3248,42,498
3249,782,322
3250,865,798
3251,242,19
3252,148,152
3253,86,988
3254,168,532
3255,531,693
3256,271,139
3257,515,445
3258,638,504
3259,671,310
3260,760,16
3261,131,567
3262,247,574
3263,607,756
3264,216,629
3265,28,13
3266,985,216
3267,431,936
3268,948,268
3269,424,19
3270,497,79
3271,595,902
3272,355,392
3273,496,103
3274,760,154
3275,130,192
3276,131,21
3277,56,655
3278,464,775
3279,925,595
3280,533,130
3281,368,491
3282,268,486
3283,811,961
3284,191,445
3285,850,498
3286,40,295
3287,350,19
3288,693,551
3289,246,246
3290,532,242
3291,23,194
3292,665,641
3293,216,58
3294,617,756
3295,295,810
3296,641,641
3297,216,619
3298,528,98
3299,216,883
3300,998,748
3301,812,19
3302,991,840
3303,771,985
3304,386,152
3305,893,664
3306,197,855
3307,667,908
3308,963,595
3309,359,263
3310,191,254
3311,34,351
3312,68,936
3313,780,289
3314,802,630
3315,197,893
3316,842,882
3317,2,164
3318,712,77
3319,498,537
3320,440,617
3321,363,130
3322,811,629
3323,19,56
3324,198,42
3325,432,643
3326,549,271
3327,498,840
3328,645,445
3329,531,481
3330,486,194
3331,297,603
3332,214,748
3333,61,958
3334,552,498
3335,368,595
3336,823,263
3337,361,356
3338,268,363
3339,256,402
3340,985,560
3341,338,572
3342,368,113
3343,254,780
3344,122,111
3345,655,295
3346,380,74
3347,282,776
3348,23,671
3349,23,817
3350,533,925
3351,363,975
3352,565,493
3353,161,907
3354,698,812
3355,527,359
3356,837,725
3357,684,708
3358,846,926
3359,940,962
3360,207,321
3361,514,785
3362,993,645
3363,977,381
3364,940,829
3365,999,427
3366,62,639
3367,92,169
3368,947,207
3369,46,68
3370,238,363
3371,269,533
3372,427,96
3373,135,164
3374,413,752
3375,639,962
3376,560,678
3377,958,42
3378,23,975
3379,893,889
3380,846,507
3381,464,191
3382,830,203
3383,237,641
3384,956,893
3385,903,942
3386,991,216
3387,396,576
3388,846,839
3389,841,728
3390,23,543
3391,991,497
3392,743,402
3393,568,230
3394,413,829
3395,274,509
3396,811,363
3397,609,261
3398,655,80
3399,943,543
3400,873,961
3401,916,196
3402,989,42
3403,565,841
3404,284,603
3405,243,902
3406,97,667
3407,756,993
3408,431,385
3409,361,678
3410,351,363
3411,351,461
3412,96,335
3413,310,515
3414,775,462
3415,131,73
3416,435,913
3417,908,361
3418,810,28
3419,363,231
3420,515,225
3421,42,197
3422,985,468
3423,902,321
3424,261,717
3425,197,998
3426,956,67
3427,480,92
3428,527,940
3429,641,322
3430,23,23
3431,284,637
3432,269,368
3433,667,322
3434,207,375
3435,829,243
3436,102,512
3437,743,782
3438,102,744
3439,269,802
3440,642,411
3441,46,501
3442,17,269
3443,903,16
3444,81,164
3445,819,10
3446,161,962
3447,22,321
3448,284,602
3449,253,493
3450,1,962
3451,253,438
3452,648,363
3453,751,207
3454,269,16
3455,161,837
3456,225,921
3457,381,775
3458,908,968
3459,92,120
3460,288,830
3461,667,515
3462,240,310
3463,629,560
3464,574,46
3465,885,904
3466,180,271
3467,667,19
3468,148,524
3469,191,707
3470,368,231
3471,698,991
3472,666,444
3473,760,403
3474,830,462
3475,907,782
3476,666,40
3477,231,8
3478,130,998
3479,889,743
3480,188,297
3481,363,595
3482,9,312
3483,365,667
3484,954,841
3485,474,666
3486,654,427
3487,67,839
3488,7,82
3489,77,775
3490,802,225
3491,786,641
3492,335,257
3493,667,335
3494,44,982
3495,480,216
3496,97,507
3497,96,410
3498,192,231
3499,934,608
3500,297,97
3501,216,641
3502,532,712
3503,962,23
3504,787,243
3505,748,148
3506,427,926
3507,942,907
3508,948,321
3509,32,532
3510,842,427
3511,642,902
3512,716,271
3513,791,533
3514,956,785
3515,781,948
3516,823,515
3517,528,967
3518,368,595
3519,156,363
3520,321,869
3521,61,893
3522,174,191
3523,743,154
3524,659,947
3525,830,90
3526,297,462
3527,709,424
3528,726,846
3529,167,392
3530,74,781
3531,748,77
3532,893,27
3533,543,785
3534,338,775
3535,91,936
3536,786,568
3537,751,846
3538,751,712
3539,75,893
3540,191,948
3541,754,243
3542,956,991
3543,74,893
3544,481,435
3545,90,321
3546,916,246
3547,755,210
3548,654,473
3549,518,212
3550,618,559
3551,397,936
3552,806,543
3553,533,640
3554,68,322
3555,853,903
3556,197,869
3557,772,707
3558,432,998
3559,649,821
3560,775,533
3561,444,537
3562,916,945
3563,751,991
3564,963,642
3565,23,363
3566,488,197
3567,385,284
3568,486,19
3569,62,60
3570,707,551
3571,504,998
3572,174,936
3573,363,568
3574,497,322
3575,380,991
3576,263,321
3577,927,22
3578,477,148
3579,242,288
3580,497,380
3581,603,507
3582,671,268
3583,597,154
3584,100,693
3585,942,752
3586,855,921
3587,811,44
3588,225,515
3589,908,312
3590,288,743
3591,975,247
3592,893,42
3593,224,819
3594,631,754
3595,982,289
3596,693,560
3597,552,335
3598,654,548
3599,916,210
3600,548,636
3601,45,351
3602,810,269
3603,498,889
3604,751,835
3605,543,203
3606,501,810
3607,169,641
3608,649,44
3609,616,197
3610,916,75
3611,841,351
3612,500,667
3613,595,435
3614,462,709
3615,640,923
3616,819,830
3617,32,34
3618,135,846
3619,273,640
3620,709,638
3621,169,113
3622,207,68
3623,659,619
3624,893,284
3625,731,159
3626,10,549
3627,368,81
3628,564,90
3629,533,568
3630,659,361
3631,518,361
3632,934,243
3633,846,197
3634,564,531
3635,314,19
3636,755,893
3637,239,639
3638,565,595
3639,263,289
3640,120,568
3641,950,916
3642,9,169
3643,891,355
3644,840,507
3645,10,257
3646,424,841
3647,989,430
3648,144,197
3649,639,533
3650,949,385
3651,168,817
3652,274,830
3653,463,17
3654,169,335
3655,793,855
3656,32,926
3657,274,266
3658,284,159
3659,77,514
3660,23,846
3661,359,590
3662,501,231
3663,431,533
3664,985,645
3665,168,77
3666,835,44
3667,640,380
3668,945,678
3669,381,975
3670,893,288
3671,756,67
3672,427,297
3673,111,197
3674,417,23
3675,942,135
3676,954,77
3677,948,444
3678,19,81
3679,671,683
3680,256,617
3681,59,645
3682,649,743
3683,632,835
3684,707,668
3685,219,743
3686,263,363
3687,865,214
3688,494,463
3689,751,376
3690,923,427
3691,691,543
3692,504,191
3693,90,263
3694,64,19
3695,410,709
3696,9,396
3697,410,698
3698,445,350
3699,893,61
3700,515,654
3701,295,387
3702,261,219
3703,876,338
3704,403,247
3705,629,397
3706,180,925
3707,316,926
3708,771,533
3709,657,899
3710,731,934
3711,925,903
3712,782,985
3713,982,811
3714,852,574
3715,527,169
3716,339,271
3717,146,432
3718,98,412
3719,993,982
3720,617,350
3721,893,191
3722,493,480
3723,520,430
3724,667,817
3725,684,518
3726,509,531
3727,256,192
3728,942,68
3729,444,963
3730,476,316
3731,16,962
3732,512,748
3733,684,356
3734,743,885
3735,67,435
3736,549,368
3737,873,169
3738,88,708
3739,68,261
3740,751,80
3741,903,504
3742,743,782
3743,37,540
3744,899,956
3745,755,958
3746,256,194
3747,549,67
3748,256,263
3749,817,547
3750,225,191
3751,507,17
3752,264,748
3753,827,288
3754,683,575
3755,751,537
3756,17,993
3757,198,288
3758,576,346
3759,427,397
3760,667,197
3761,120,19
3762,840,899
3763,16,672
3764,378,310
3765,636,80
3766,188,216
3767,117,934
3768,595,424
3769,224,297
3770,865,102
3771,607,168
3772,253,948
3773,68,936
3774,884,27
3775,245,760
3776,698,897
3777,154,19
3778,21,617
3779,321,835
3780,225,991
3781,599,58
3782,446,962
3783,197,597
3784,671,902
3785,156,504
3786,335,210
3787,725,92
3788,948,548
3789,385,645
3790,744,755
3791,846,528
3792,622,19
3793,38,463
3794,130,16
3795,546,963
3796,748,549
3797,46,565
3798,787,113
3799,825,74
3800,713,107
3801,416,841
3802,378,42
3803,549,509
3804,776,707
3805,793,771
3806,751,161
3807,8,580
3808,102,657
3809,264,885
3810,156,985
3811,985,67
3812,21,748
3813,603,648
3814,432,616
3815,947,16
3816,432,528
3817,19,902
3818,104,412
3819,578,154
3820,751,812
3821,258,653
3822,552,243
3823,603,96
3824,564,350
3825,547,963
3826,811,410
3827,811,19
3828,531,637
3829,998,154
3830,756,726
3831,271,640
3832,271,602
3833,100,152
3834,667,385
3835,547,595
3836,446,540
3837,903,19
3838,731,839
3839,60,869
3840,263,667
3841,667,707
3842,759,496
3843,958,515
3844,44,668
3845,23,491
3846,603,603
3847,216,893
3848,776,336
3849,533,552
3850,956,154
3851,244,496
3852,654,853
3853,7,985
3854,224,90
3855,934,893
3856,515,712
3857,159,198
3858,44,58
3859,225,698
3860,473,751
3861,101,893
3862,725,725
3863,32,759
3864,338,835
3865,573,802
3866,188,198
3867,9,842
3868,778,776
3869,28,135
3870,154,948
3871,424,616
3872,993,269
3873,993,533
3874,381,903
3875,748,480
3876,2,754
3877,666,903
3878,115,778
3879,19,549
3880,8,580
3881,654,637
3882,595,908
3883,534,97
3884,154,271
3885,573,947
3886,648,599
3887,791,297
3888,991,356
3889,876,923
3890,154,775
3891,261,288
3892,531,432
3893,514,533
3894,161,756
3895,23,774
3896,639,899
3897,2,840
3898,533,693
3899,712,359
3900,462,817
3901,96,656
3902,19,2
3903,488,446
3904,197,656
3905,573,754
3906,159,846
3907,96,640
3908,645,869
3909,693,645
3910,597,754
3911,811,101
3912,756,504
3913,889,90
3914,793,671
3915,921,641
3916,45,497
3917,743,515
3918,775,865
3919,873,543
3920,726,903
3921,350,410
3922,274,397
3923,865,212
3924,282,786
3925,859,131
3926,897,520
3927,21,580
3928,60,841
3929,559,926
3930,253,339
3931,622,504
3932,585,242
3933,431,46
3934,225,889
3935,841,899
3936,631,568
3937,694,497
3938,90,823
3939,46,102
3940,619,859
3941,210,90
3942,346,712
3943,339,639
3944,254,19
3945,942,297
3946,67,743
3947,991,17
3948,543,962
3949,826,192
3950,156,23
3951,386,74
3952,547,156
3953,273,659
3954,643,936
3955,817,102
3956,256,756
3957,845,2
3958,595,752
3959,829,788
3960,207,630
3961,256,197
3962,350,365
3963,991,378
3964,977,683
3965,850,102
3966,607,884
3967,263,655
3968,799,32
3969,337,549
3970,9,263
3971,573,368
3972,225,698
3973,948,948
3974,466,261
3975,985,74
3976,816,151
3977,94,431
3978,240,865
3979,552,144
3980,368,751
3981,68,356
3982,533,643
3983,244,751
3984,380,427
3985,253,321
3986,638,830
3987,921,649
3988,413,284
3989,359,148
3990,155,321
3991,751,496
3992,230,899
3993,363,397
3994,242,115
3995,693,645
3996,271,680
3997,16,679
3998,889,7
3999,152,631
4000,316,48
4001,991,893
4002,486,431
4003,963,120
4004,899,537
4005,748,135
4006,578,597
4007,446,744
4008,641,427
4009,28,212
4010,214,752
4011,537,537
4012,921,16
4013,948,573
4014,752,533
4015,365,258
4016,381,410
4017,120,893
4018,665,841
4019,531,350
4020,492,846
4021,656,350
4022,531,19
4023,121,823
4024,985,427
4025,567,168
4026,380,19
4027,788,314
4028,48,609
4029,667,335
4030,853,802
4031,693,518
4032,32,197
4033,873,42
4034,817,956
4035,269,962
4036,21,19
4037,693,899
4038,156,826
4039,921,58
4040,31,659
4041,256,552
4042,771,31
4043,80,16
4044,642,893
4045,514,497
4046,359,113
4047,207,948
4048,846,698
4049,45,188
4050,438,599
4051,194,164
4052,698,788
4053,322,667
4054,253,585
4055,693,19
4056,718,718
4057,322,263
4058,540,945
4059,59,897
4060,956,853
4061,254,168
4062,810,361
4063,811,321
4064,691,839
4065,438,948
4066,993,385
4067,274,782
4068,355,216
4069,497,940
4070,92,179
4071,368,350
4072,310,271
4073,591,168
4074,413,310
4075,463,225
4076,322,264
4077,748,865
4078,534,188
4079,381,637
4080,616,386
4081,58,617
4082,169,274
4083,412,748
4084,921,902
4085,284,386
4086,998,648
4087,642,268
4088,934,403
4089,567,435
4090,857,846
4091,367,725
4092,963,533
4093,531,179
4094,298,991
4095,298,188
4096,648,718
4097,775,197
4098,247,464
4099,424,963
4100,303,338
4101,579,310
4102,191,547
4103,552,62
4104,659,268
4105,151,444
4106,7,117
4107,320,8
4108,718,336
4109,165,268
4110,709,893
4111,945,846
4112,552,575
4113,130,926
4114,197,416
4115,386,603
4116,103,435
4117,756,256
4118,380,42
4119,210,925
4120,698,231
4121,771,197
4122,841,413
4123,537,96
4124,515,515
4125,197,693
4126,787,826
4127,637,380
4128,748,826
4129,19,948
4130,335,533
4131,396,531
4132,914,603
4133,751,817
4134,367,889
4135,985,985
4136,989,462
4137,501,130
4138,926,693
4139,766,985
4140,14,537
4141,869,629
4142,299,595
4143,817,985
4144,357,284
4145,121,656
4146,359,718
4147,604,207
4148,925,321
4149,10,811
4150,197,575
4151,552,636
4152,368,339
4153,427,916
4154,266,258
4155,576,336
4156,67,597
4157,515,376
4158,775,645
4159,16,104
4160,982,655
4161,558,19
4162,962,310
4163,948,998
4164,380,989
4165,839,528
4166,962,603
4167,816,144
4168,889,219
4169,914,207
4170,693,381
4171,842,567
4172,908,82
4173,496,22
4174,575,130
4175,34,263
4176,23,643
4177,638,295
4178,298,424
4179,893,637
4180,531,603
4181,754,902
4182,342,567
4183,244,958
4184,610,693
4185,839,288
4186,17,903
4187,806,830
4188,266,829
4189,346,893
4190,310,549
4191,707,381
4192,225,610
4193,225,2
4194,787,693
4195,336,102
4196,346,603
4197,873,921
4198,595,263
4199,526,751
4200,168,42
4201,748,284
4202,261,402
4203,316,355
4204,956,92
4205,653,102
4206,444,916
4207,655,231
4208,95,321
4209,629,444
4210,686,683
4211,642,113
4212,693,782
4213,578,31
4214,284,642
4215,48,857
4216,214,61
4217,993,168
4218,392,446
4219,846,461
4220,810,817
4221,850,212
4222,430,810
4223,219,154
4224,493,927
4225,568,567
4226,37,771
4227,266,925
4228,607,254
4229,855,396
4230,346,120
4231,256,656
4232,748,693
4233,243,113
4234,876,351
4235,564,8
4236,174,549
4237,361,100
4238,771,264
4239,461,537
4240,34,339
4241,90,603
4242,34,993
4243,962,945
4244,493,431
4245,597,435
4246,667,246
4247,403,547
4248,893,617
4249,907,197
4250,67,756
4251,446,537
4252,382,693
4253,775,380
4254,845,515
4255,37,775
4256,904,810
4257,197,537
4258,991,845
4259,139,310
4260,23,806
4261,191,846
4262,322,32
4263,873,488
4264,599,191
4265,337,427
4266,46,139
4267,380,578
4268,14,165
4269,596,567
4270,424,790
4271,841,363
4272,960,254
4273,388,943
4274,531,34
4275,7,603
4276,576,934
4277,194,775
4278,565,417
4279,595,897
4280,916,817
4281,853,698
4282,335,231
4283,671,595
4284,947,782
4285,817,693
4286,61,537
4287,667,174
4288,829,16
4289,855,810
4290,560,595
4291,463,216
4292,102,103
4293,823,665
4294,385,310
4295,431,869
4296,26,23
4297,439,993
4298,243,950
4299,430,284
4300,754,679
4301,852,998
4302,991,397
4303,785,607
4304,1003,752
4305,322,873
4306,793,386
4307,528,993
4308,486,130
4309,19,537
4310,655,916
4311,667,532
4312,274,549
4313,578,14
4314,61,46
4315,712,782
4316,771,850
4317,113,637
4318,198,361
4319,263,531
4320,234,853
4321,274,709
4322,92,576
4323,775,819
4324,61,595
4325,40,671
4326,684,755
4327,787,274
4328,793,578
4329,46,368
4330,61,19
4331,225,776
4332,381,16
4333,424,254
4334,748,962
4335,37,982
4336,253,151
4337,993,829
4338,817,982
4339,413,817
4340,641,527
4341,402,148
4342,982,698
4343,829,829
4344,775,873
4345,284,514
4346,876,253
4347,23,284
4348,748,578
4349,559,671
4350,748,462
4351,46,771
4352,708,385
4353,303,578
4354,549,693
4355,751,956
4356,846,31
4357,156,840
4358,463,338
4359,788,537
4360,967,58
4361,813,82
4362,263,873
4363,843,968
4364,616,618
4365,790,559
4366,493,397
4367,751,396
4368,413,90
4369,473,791
4370,827,684
4371,152,243
4372,948,231
4373,956,342
4374,885,179
4375,714,540
4376,7,321
4377,591,169
4378,645,17
4379,110,115
4380,368,893
4381,159,225
4382,493,197
4383,717,752
4384,753,923
4385,266,32
4386,449,971
4387,622,56
4388,891,962
4389,645,350
4390,10,23
4391,74,111
4392,645,954
4393,603,316
4394,704,899
4395,667,46
4396,637,578
4397,74,403
4398,130,885
4399,873,237
4400,159,268
4401,461,210
4402,122,840
4403,549,760
4404,161,609
4405,986,7
4406,653,956
4407,926,811
4408,237,328
4409,492,355
4410,121,704
4411,604,59
4412,284,884
4413,224,159
4414,219,841
4415,382,925
4416,991,130
4417,671,725
4418,418,111
4419,509,637
4420,812,954
4421,261,991
4422,520,254
4423,168,956
4424,110,802
4425,645,339
4426,985,962
4427,743,645
4428,967,897
4429,540,197
4430,375,481
4431,263,481
4432,998,531
4433,603,103
4434,361,760
4435,693,595
4436,687,748
4437,46,254
4438,240,585
4439,253,791
4440,599,368
4441,936,835
4442,253,254
4443,335,618
4444,963,640
4445,527,642
4446,748,169
4447,799,936
4448,748,435
4449,164,342
4450,92,533
4451,69,629
4452,564,642
4453,355,103
4454,363,533
4455,23,903
4456,122,212
4457,975,967
4458,37,486
4459,725,829
4460,962,244
4461,61,355
4462,667,397
4463,380,90
4464,14,603
4465,710,243
4466,196,435
4467,841,655
4468,948,365
4469,630,962
4470,667,533
4471,684,130
4472,971,962
4473,839,295
4474,948,684
4475,967,641
4476,254,335
4477,883,191
4478,178,595
4479,515,90
4480,256,648
4481,669,438
4482,774,708
4483,197,197
4484,264,637
4485,191,645
4486,122,595
4487,461,418
4488,210,284
4489,444,274
4490,837,77
4491,225,92
4492,855,775
4493,855,210
4494,991,645
4495,408,152
4496,527,146
4497,263,413
4498,669,947
4499,889,82
4500,165,531
4501,787,574
4502,557,115
4503,16,607
4504,1004,531
4505,671,693
4506,167,432
4507,893,396
4508,504,669
4509,155,493
4510,552,410
4511,771,873
4512,298,636
4513,144,61
4514,161,238
4515,449,775
4516,410,240
4517,37,194
4518,64,810
4519,359,826
4520,791,986
4521,46,595
4522,167,963
4523,876,152
4524,934,528
4525,985,967
4526,338,921
4527,339,121
4528,758,260
4529,567,645
4530,945,46
4531,497,350
4532,551,61
4533,40,263
4534,531,751
4535,102,284
4536,534,303
4537,949,629
4538,164,564
4539,748,498
4540,191,197
4541,68,595
4542,486,666
4543,498,640
4544,381,748
4545,841,303
4546,527,159
4547,649,607
4548,528,231
4549,603,985
4550,151,993
4551,893,432
4552,645,788
4553,64,645
4554,736,653
4555,893,111
4556,893,883
4557,381,876
4558,568,321
4559,859,599
4560,712,37
4561,23,382
4562,493,998
4563,298,46
4564,712,534
4565,59,244
4566,210,520
4567,239,299
4568,576,42
4569,811,893
4570,34,231
4571,547,396
4572,991,192
4573,253,274
4574,725,845
4575,591,299
4576,683,288
4577,533,712
4578,882,381
4579,463,645
4580,991,537
4581,532,533
4582,841,385
4583,531,902
4584,574,462
4585,998,934
4586,568,876
4587,381,498
4588,413,473
4589,853,638
4590,531,653
4591,31,655
4592,509,788
4593,961,1003
4594,121,1
4595,242,381
4596,729,58
4597,37,514
4598,823,462
4599,168,991
4600,191,498
4601,667,743
4602,578,775
4603,567,817
4604,488,431
4605,985,967
4606,155,774
4607,876,645
4608,431,102
4609,9,45
4610,956,284
4611,130,44
4612,493,7
4613,418,893
4614,908,151
4615,368,210
4616,19,289
4617,991,546
4618,161,645
4619,823,883
4620,42,214
4621,925,361
4622,96,573
4623,131,637
4624,1005,368
4625,496,463
4626,640,712
4627,576,669
4628,934,32
4629,115,859
4630,444,811
4631,495,61
4632,527,115
4633,34,813
4634,693,904
4635,684,528
4636,9,840
4637,380,531
4638,547,115
4639,758,748
4640,322,830
4641,161,893
4642,257,152
4643,219,991
4644,165,817
4645,446,889
4646,73,655
4647,823,19
4648,712,274
4649,712,597
4650,514,948
4651,975,630
4652,533,2
4653,23,427
4654,754,925
4655,991,168
4656,515,492
4657,575,192
4658,897,907
4659,543,520
4660,958,486
4661,998,365
4662,28,775
4663,616,533
4664,67,982
4665,787,253
4666,830,174
4667,95,90
4668,712,178
4669,654,962
4670,61,748
4671,649,102
4672,893,782
4673,963,533
4674,667,61
4675,531,869
4676,531,707
4677,752,435
4678,361,231
4679,543,693
4680,548,945
4681,599,512
4682,496,167
4683,256,68
4684,890,963
4685,998,985
4686,829,993
4687,921,865
4688,26,28
4689,666,543
4690,518,375
4691,963,139
4692,986,367
4693,943,811
4694,431,224
4695,23,811
4696,740,361
4697,684,493
4698,385,110
4699,322,934
4700,641,263
4701,110,825
4702,151,748
4703,743,841
4704,576,531
4705,155,1
4706,60,725
4707,622,850
4708,131,774
4709,10,359
4710,908,515
4711,381,492
4712,527,44
4713,501,988
4714,771,641
4715,710,846
4716,977,225
4717,985,515
4718,876,382
4719,684,775
4720,50,559
4721,385,288
4722,207,225
4723,537,845
4724,916,289
4725,96,461
4726,146,488
4727,629,131
4728,271,493
4729,410,121
4730,385,991
4731,392,169
4732,31,599
4733,204,355
4734,61,339
4735,219,537
4736,531,775
4737,883,654
4738,515,564
4739,370,192
4740,707,381
4741,335,642
4742,916,576
4743,921,921
4744,993,940
4745,876,59
4746,876,169
4747,645,100
4748,963,16
4749,378,991
4750,923,712
4751,602,876
4752,381,179
4753,642,380
4754,303,2
4755,659,575
4756,637,637
4757,923,725
4758,950,264
4759,498,178
4760,247,926
4761,639,540
4762,103,146
4763,635,146
4764,754,960
4765,873,497
4766,361,667
4767,8,991
4768,13,712
4769,791,531
4770,775,693
4771,571,23
4772,17,168
4773,876,934
4774,575,574
4775,841,642
4776,118,254
4777,407,578
4778,743,533
4779,188,640
4780,245,427
4781,916,597
4782,378,748
4783,963,751
4784,80,740
4785,225,564
4786,954,552
4787,271,640
4788,413,876
4789,791,543
4790,435,603
4791,368,188
4792,225,256
4793,224,224
4794,246,444
4795,435,817
4796,531,993
4797,432,336
4798,876,547
4799,595,207
4800,197,575
4801,925,771
4802,75,756
4803,383,890
4804,841,891
4805,771,649
4806,254,693
4807,19,263
4808,852,159
4809,16,775
4810,386,743
4811,192,873
4812,469,204
4813,949,748
4814,977,991
4815,74,547
4816,246,618
4817,335,115
4818,121,361
4819,993,667
4820,558,247
4821,998,518
4822,925,654
4823,26,214
4824,424,298
4825,748,122
4826,751,527
4827,174,753
4828,408,212
4829,823,247
4830,552,432
4831,337,161
4832,19,645
4833,495,161
4834,297,197
4835,668,923
4836,51,473
4837,403,92
4838,2,37
4839,684,564
4840,819,1005
4841,254,945
4842,948,10
4843,693,775
4844,533,926
4845,139,431
4846,473,603
4847,597,962
4848,829,216
4849,708,359
4850,728,435
4851,893,337
4852,748,168
4853,243,22
4854,60,991
4855,216,247
4856,16,876
4857,709,531
4858,985,893
4859,269,102
4860,61,298
4861,34,791
4862,840,599
4863,26,830
4864,1,339
4865,574,418
4866,198,191
4867,32,956
4868,466,684
4869,731,342
4870,823,14
4871,565,971
4872,948,993
4873,775,534
4874,791,403
4875,812,926
4876,619,810
4877,533,841
4878,841,859
4879,926,520
4880,682,427
4881,445,775
4882,207,476
4883,501,97
4884,382,916
4885,678,247
4886,77,225
4887,16,359
4888,501,42
4889,936,841
4890,27,263
4891,403,367
4892,760,102
4893,427,564
4894,424,431
4895,163,413
4896,122,948
4897,192,298
4898,654,531
4899,165,385
4900,744,707
4901,111,192
4902,466,527
4903,462,274
4904,346,14
4905,427,32
4906,893,355
4907,264,682
4908,231,693
4909,548,948
4910,962,694
4911,291,424
4912,259,74
4913,925,449
4914,859,985
4915,32,462
4916,629,829
4917,384,493
4918,445,431
4919,24,787
4920,350,310
4921,237,855
4922,481,977
4923,578,122
4924,991,111
4925,385,774
4926,841,95
4927,67,50
4928,693,16
4929,855,655
4930,88,346
4931,639,869
4932,533,336
4933,731,640
4934,32,712
4935,26,694
4936,936,361
4937,284,413
4938,7,507
4939,118,962
4940,175,481
4941,42,303
4942,740,754
4943,34,77
4944,654,816
4945,26,68
4946,608,463
4947,328,810
4948,609,571
4949,793,113
4950,246,641
4951,197,686
4952,397,118
4953,322,368
4954,7,254
4955,798,885
4956,214,445
4957,216,826
4958,907,942
4959,760,698
4960,876,693
4961,183,246
4962,785,214
4963,902,31
4964,368,760
4965,225,897
4966,855,473
4967,197,855
4968,989,261
4969,730,668
4970,381,403
4971,81,61
4972,826,710
4973,269,748
4974,528,977
4975,460,350
4976,927,748
4977,151,629
4978,32,192
4979,707,81
4980,207,466
4981,985,152
4982,547,793
4983,216,359
4984,16,775
4985,654,629
4986,743,810
4987,342,14
4988,58,103
4989,751,367
4990,473,559
4991,846,537
4992,236,775
4993,23,383
4994,192,903
4995,533,431
4996,630,549
4997,165,551
4998,607,707
4999,284,146
