,generation,variant,count
0,1.0,4.0,1.0
1,1.0,8.0,2.0
2,1.0,9.0,3.0
3,1.0,11.0,1.0
4,1.0,12.0,3.0
5,1.0,13.0,1.0
6,1.0,14.0,1.0
7,1.0,15.0,1.0
8,1.0,17.0,1.0
9,1.0,19.0,1.0
10,1.0,21.0,4.0
11,1.0,23.0,1.0
12,1.0,26.0,1.0
13,1.0,27.0,2.0
14,1.0,31.0,1.0
15,1.0,35.0,1.0
16,1.0,36.0,2.0
17,1.0,37.0,1.0
18,1.0,38.0,1.0
19,1.0,39.0,4.0
20,1.0,40.0,2.0
21,1.0,42.0,1.0
22,1.0,45.0,1.0
23,1.0,48.0,1.0
24,1.0,49.0,3.0
25,1.0,51.0,1.0
26,1.0,52.0,3.0
27,1.0,54.0,1.0
28,1.0,55.0,1.0
29,1.0,56.0,1.0
30,1.0,57.0,1.0
31,1.0,58.0,1.0
32,1.0,59.0,1.0
33,1.0,60.0,1.0
34,1.0,61.0,2.0
35,1.0,64.0,1.0
36,1.0,65.0,1.0
37,1.0,67.0,1.0
38,1.0,70.0,2.0
39,1.0,75.0,1.0
40,1.0,76.0,1.0
41,1.0,77.0,1.0
42,1.0,78.0,1.0
43,1.0,79.0,3.0
44,1.0,80.0,3.0
45,1.0,81.0,1.0
46,1.0,83.0,3.0
47,1.0,84.0,1.0
48,1.0,85.0,2.0
49,1.0,86.0,3.0
50,1.0,88.0,2.0
51,1.0,90.0,1.0
52,1.0,93.0,1.0
53,1.0,95.0,1.0
54,1.0,96.0,2.0
55,1.0,97.0,1.0
56,1.0,98.0,1.0
57,1.0,99.0,4.0
58,1.0,102.0,2.0
59,1.0,103.0,1.0
60,1.0,104.0,1.0
61,1.0,106.0,3.0
62,1.0,108.0,1.0
63,1.0,109.0,2.0
64,1.0,110.0,1.0
65,1.0,114.0,3.0
66,1.0,116.0,2.0
67,1.0,117.0,1.0
68,1.0,118.0,2.0
69,1.0,119.0,3.0
70,1.0,120.0,1.0
71,1.0,121.0,1.0
72,1.0,122.0,1.0
73,1.0,124.0,2.0
74,1.0,127.0,2.0
75,1.0,129.0,2.0
76,1.0,132.0,1.0
77,1.0,133.0,2.0
78,1.0,135.0,1.0
79,1.0,136.0,3.0
80,1.0,137.0,1.0
81,1.0,138.0,2.0
82,1.0,139.0,2.0
83,1.0,140.0,1.0
84,1.0,141.0,1.0
85,1.0,142.0,2.0
86,1.0,144.0,1.0
87,1.0,145.0,1.0
88,1.0,146.0,1.0
89,1.0,151.0,1.0
90,1.0,152.0,1.0
91,1.0,154.0,1.0
92,1.0,155.0,1.0
93,1.0,157.0,2.0
94,1.0,158.0,1.0
95,1.0,159.0,2.0
96,1.0,161.0,1.0
97,1.0,164.0,2.0
98,1.0,165.0,2.0
99,1.0,166.0,2.0
100,1.0,167.0,1.0
101,1.0,170.0,1.0
102,1.0,175.0,1.0
103,1.0,176.0,2.0
104,1.0,177.0,1.0
105,1.0,178.0,1.0
106,1.0,179.0,1.0
107,1.0,180.0,2.0
108,1.0,184.0,1.0
109,1.0,185.0,1.0
110,1.0,186.0,3.0
111,1.0,187.0,2.0
112,1.0,188.0,1.0
113,1.0,189.0,1.0
114,1.0,191.0,2.0
115,1.0,193.0,2.0
116,1.0,194.0,1.0
117,1.0,197.0,1.0
118,1.0,198.0,3.0
119,1.0,199.0,1.0
120,1.0,200.0,1.0
121,1.0,201.0,1.0
122,1.0,202.0,2.0
123,1.0,203.0,2.0
124,1.0,204.0,3.0
125,1.0,205.0,1.0
126,1.0,208.0,2.0
127,1.0,211.0,2.0
128,1.0,212.0,1.0
129,1.0,213.0,1.0
130,1.0,214.0,1.0
131,1.0,215.0,3.0
132,1.0,218.0,3.0
133,1.0,220.0,1.0
134,1.0,221.0,1.0
135,1.0,222.0,2.0
136,1.0,223.0,1.0
137,1.0,224.0,1.0
138,1.0,226.0,1.0
139,1.0,227.0,1.0
140,1.0,228.0,1.0
141,1.0,229.0,3.0
142,1.0,230.0,2.0
143,1.0,231.0,3.0
144,1.0,232.0,1.0
145,1.0,234.0,1.0
146,1.0,235.0,1.0
147,1.0,236.0,1.0
148,1.0,237.0,1.0
149,1.0,239.0,1.0
150,1.0,240.0,1.0
151,1.0,241.0,1.0
152,1.0,242.0,1.0
153,1.0,245.0,1.0
154,1.0,247.0,1.0
155,1.0,248.0,1.0
156,1.0,249.0,2.0
157,1.0,251.0,1.0
158,1.0,252.0,2.0
159,1.0,253.0,1.0
160,1.0,254.0,1.0
161,1.0,255.0,1.0
162,1.0,256.0,2.0
163,1.0,257.0,2.0
164,1.0,258.0,2.0
165,1.0,259.0,1.0
166,1.0,260.0,2.0
167,1.0,263.0,3.0
168,1.0,266.0,2.0
169,1.0,268.0,2.0
170,1.0,270.0,1.0
171,1.0,271.0,2.0
172,1.0,272.0,1.0
173,1.0,273.0,3.0
174,1.0,276.0,2.0
175,1.0,277.0,2.0
176,1.0,278.0,1.0
177,1.0,279.0,5.0
178,1.0,280.0,1.0
179,1.0,281.0,1.0
180,1.0,282.0,1.0
181,1.0,283.0,1.0
182,1.0,284.0,3.0
183,1.0,286.0,2.0
184,1.0,287.0,2.0
185,1.0,288.0,1.0
186,1.0,290.0,1.0
187,1.0,292.0,1.0
188,1.0,295.0,1.0
189,1.0,296.0,1.0
190,1.0,298.0,1.0
191,1.0,299.0,1.0
192,1.0,300.0,1.0
193,1.0,302.0,3.0
194,1.0,303.0,1.0
195,1.0,304.0,2.0
196,1.0,305.0,1.0
197,1.0,306.0,1.0
198,1.0,307.0,1.0
199,1.0,308.0,1.0
200,1.0,309.0,3.0
201,1.0,311.0,1.0
202,1.0,316.0,1.0
203,1.0,318.0,1.0
204,1.0,320.0,3.0
205,1.0,322.0,2.0
206,1.0,323.0,2.0
207,1.0,324.0,2.0
208,1.0,325.0,3.0
209,1.0,327.0,2.0
210,1.0,329.0,1.0
211,1.0,331.0,2.0
212,1.0,332.0,2.0
213,1.0,333.0,1.0
214,1.0,334.0,1.0
215,1.0,335.0,1.0
216,1.0,336.0,2.0
217,1.0,337.0,2.0
218,1.0,338.0,2.0
219,1.0,339.0,1.0
220,1.0,342.0,1.0
221,1.0,343.0,3.0
222,1.0,344.0,1.0
223,1.0,345.0,1.0
224,1.0,346.0,2.0
225,1.0,347.0,1.0
226,1.0,349.0,1.0
227,1.0,350.0,1.0
228,1.0,351.0,1.0
229,1.0,354.0,1.0
230,1.0,355.0,1.0
231,1.0,356.0,1.0
232,1.0,357.0,1.0
233,1.0,360.0,3.0
234,1.0,361.0,2.0
235,1.0,363.0,2.0
236,1.0,364.0,3.0
237,1.0,366.0,1.0
238,1.0,367.0,1.0
239,1.0,371.0,1.0
240,1.0,372.0,2.0
241,1.0,373.0,1.0
242,1.0,375.0,3.0
243,1.0,376.0,3.0
244,1.0,377.0,1.0
245,1.0,379.0,1.0
246,1.0,381.0,2.0
247,1.0,383.0,2.0
248,1.0,384.0,1.0
249,1.0,386.0,1.0
250,1.0,388.0,1.0
251,1.0,389.0,1.0
252,1.0,390.0,1.0
253,1.0,394.0,1.0
254,1.0,395.0,1.0
255,1.0,397.0,1.0
256,1.0,398.0,1.0
257,1.0,402.0,1.0
258,1.0,403.0,1.0
259,1.0,404.0,1.0
260,1.0,405.0,1.0
261,1.0,406.0,2.0
262,1.0,407.0,1.0
263,1.0,409.0,2.0
264,1.0,411.0,2.0
265,1.0,412.0,1.0
266,1.0,414.0,3.0
267,1.0,415.0,1.0
268,1.0,416.0,2.0
269,1.0,418.0,2.0
270,1.0,421.0,3.0
271,1.0,422.0,1.0
272,1.0,423.0,1.0
273,1.0,425.0,2.0
274,1.0,428.0,1.0
275,1.0,429.0,3.0
276,1.0,430.0,1.0
277,1.0,431.0,1.0
278,1.0,432.0,1.0
279,1.0,433.0,1.0
280,1.0,434.0,1.0
281,1.0,435.0,2.0
282,1.0,436.0,1.0
283,1.0,438.0,4.0
284,1.0,439.0,1.0
285,1.0,440.0,2.0
286,1.0,442.0,1.0
287,1.0,443.0,1.0
288,1.0,444.0,1.0
289,1.0,445.0,1.0
290,1.0,448.0,6.0
291,1.0,449.0,2.0
292,1.0,451.0,2.0
293,1.0,453.0,1.0
294,1.0,454.0,1.0
295,1.0,456.0,1.0
296,1.0,457.0,1.0
297,1.0,459.0,2.0
298,1.0,460.0,1.0
299,1.0,461.0,1.0
300,1.0,463.0,1.0
301,1.0,465.0,1.0
302,1.0,466.0,2.0
303,1.0,467.0,1.0
304,1.0,469.0,1.0
305,1.0,470.0,2.0
306,1.0,471.0,1.0
307,1.0,472.0,3.0
308,1.0,474.0,2.0
309,1.0,475.0,1.0
310,1.0,477.0,3.0
311,1.0,478.0,4.0
312,1.0,479.0,1.0
313,1.0,481.0,2.0
314,1.0,482.0,1.0
315,1.0,483.0,1.0
316,1.0,485.0,1.0
317,1.0,486.0,2.0
318,1.0,487.0,2.0
319,1.0,488.0,1.0
320,1.0,490.0,3.0
321,1.0,491.0,3.0
322,1.0,494.0,1.0
323,1.0,495.0,2.0
324,1.0,496.0,2.0
325,1.0,497.0,1.0
326,1.0,498.0,1.0
327,1.0,499.0,2.0
328,1.0,500.0,1.0
329,1.0,502.0,1.0
330,1.0,503.0,2.0
331,1.0,505.0,1.0
332,1.0,506.0,2.0
333,1.0,508.0,1.0
334,1.0,511.0,1.0
335,1.0,512.0,2.0
336,1.0,513.0,1.0
337,1.0,516.0,1.0
338,1.0,518.0,1.0
339,1.0,522.0,1.0
340,1.0,523.0,2.0
341,1.0,524.0,1.0
342,1.0,525.0,1.0
343,1.0,527.0,2.0
344,1.0,530.0,1.0
345,1.0,531.0,2.0
346,1.0,532.0,1.0
347,1.0,533.0,1.0
348,1.0,534.0,2.0
349,1.0,535.0,2.0
350,1.0,537.0,1.0
351,1.0,538.0,1.0
352,1.0,540.0,2.0
353,1.0,541.0,1.0
354,1.0,544.0,2.0
355,1.0,546.0,1.0
356,1.0,547.0,1.0
357,1.0,548.0,2.0
358,1.0,549.0,2.0
359,1.0,551.0,1.0
360,1.0,552.0,2.0
361,1.0,554.0,1.0
362,1.0,555.0,1.0
363,1.0,557.0,1.0
364,1.0,558.0,1.0
365,1.0,559.0,2.0
366,1.0,560.0,1.0
367,1.0,561.0,1.0
368,1.0,562.0,2.0
369,1.0,564.0,1.0
370,1.0,567.0,2.0
371,1.0,568.0,3.0
372,1.0,569.0,1.0
373,1.0,571.0,3.0
374,1.0,572.0,2.0
375,1.0,574.0,3.0
376,1.0,575.0,1.0
377,1.0,576.0,1.0
378,1.0,578.0,1.0
379,1.0,579.0,1.0
380,1.0,581.0,2.0
381,1.0,582.0,6.0
382,1.0,584.0,2.0
383,1.0,586.0,1.0
384,1.0,588.0,1.0
385,1.0,590.0,1.0
386,1.0,592.0,4.0
387,1.0,594.0,1.0
388,1.0,595.0,2.0
389,1.0,597.0,1.0
390,1.0,598.0,4.0
391,1.0,600.0,2.0
392,1.0,601.0,1.0
393,1.0,603.0,1.0
394,1.0,604.0,1.0
395,1.0,605.0,3.0
396,1.0,608.0,1.0
397,1.0,609.0,1.0
398,1.0,611.0,2.0
399,1.0,613.0,1.0
400,1.0,616.0,2.0
401,1.0,618.0,2.0
402,1.0,620.0,4.0
403,1.0,622.0,1.0
404,1.0,624.0,1.0
405,1.0,625.0,2.0
406,1.0,626.0,2.0
407,1.0,628.0,1.0
408,1.0,629.0,1.0
409,1.0,630.0,1.0
410,1.0,631.0,1.0
411,1.0,632.0,1.0
412,1.0,634.0,1.0
413,1.0,636.0,1.0
414,1.0,637.0,1.0
415,1.0,638.0,1.0
416,1.0,639.0,1.0
417,1.0,640.0,2.0
418,1.0,643.0,1.0
419,1.0,644.0,2.0
420,1.0,645.0,1.0
421,1.0,648.0,1.0
422,1.0,649.0,2.0
423,1.0,651.0,2.0
424,1.0,653.0,1.0
425,1.0,655.0,1.0
426,1.0,656.0,2.0
427,1.0,659.0,2.0
428,1.0,660.0,1.0
429,1.0,663.0,1.0
430,1.0,664.0,1.0
431,1.0,665.0,2.0
432,1.0,667.0,2.0
433,1.0,668.0,2.0
434,1.0,670.0,2.0
435,1.0,671.0,1.0
436,1.0,673.0,1.0
437,1.0,676.0,1.0
438,1.0,677.0,1.0
439,1.0,678.0,2.0
440,1.0,680.0,1.0
441,1.0,681.0,1.0
442,1.0,682.0,1.0
443,1.0,688.0,2.0
444,1.0,689.0,2.0
445,1.0,691.0,2.0
446,1.0,692.0,1.0
447,1.0,693.0,3.0
448,1.0,694.0,1.0
449,1.0,695.0,1.0
450,1.0,698.0,2.0
451,1.0,699.0,2.0
452,1.0,700.0,1.0
453,1.0,701.0,2.0
454,1.0,702.0,2.0
455,1.0,703.0,1.0
456,1.0,704.0,1.0
457,1.0,706.0,1.0
458,1.0,710.0,1.0
459,1.0,711.0,1.0
460,1.0,712.0,2.0
461,1.0,713.0,1.0
462,1.0,714.0,1.0
463,1.0,715.0,1.0
464,1.0,718.0,1.0
465,1.0,720.0,1.0
466,1.0,721.0,2.0
467,1.0,722.0,2.0
468,1.0,723.0,1.0
469,1.0,724.0,2.0
470,1.0,726.0,3.0
471,1.0,727.0,2.0
472,1.0,731.0,1.0
473,1.0,732.0,1.0
474,1.0,733.0,2.0
475,1.0,734.0,1.0
476,1.0,736.0,1.0
477,1.0,739.0,3.0
478,1.0,742.0,1.0
479,1.0,743.0,3.0
480,1.0,744.0,1.0
481,1.0,745.0,1.0
482,1.0,746.0,2.0
483,1.0,747.0,1.0
484,1.0,749.0,1.0
485,1.0,750.0,4.0
486,1.0,752.0,2.0
487,1.0,757.0,1.0
488,1.0,759.0,1.0
489,1.0,760.0,1.0
490,1.0,762.0,1.0
491,1.0,764.0,1.0
492,1.0,766.0,1.0
493,1.0,767.0,1.0
494,1.0,768.0,3.0
495,1.0,770.0,1.0
496,1.0,774.0,2.0
497,1.0,776.0,1.0
498,1.0,777.0,2.0
499,1.0,778.0,1.0
500,1.0,779.0,1.0
501,1.0,780.0,1.0
502,1.0,781.0,2.0
503,1.0,784.0,1.0
504,1.0,786.0,4.0
505,1.0,787.0,1.0
506,1.0,788.0,1.0
507,1.0,790.0,1.0
508,1.0,793.0,2.0
509,1.0,794.0,1.0
510,1.0,795.0,3.0
511,1.0,796.0,1.0
512,1.0,797.0,3.0
513,1.0,798.0,2.0
514,1.0,799.0,2.0
515,1.0,804.0,1.0
516,1.0,806.0,2.0
517,1.0,808.0,2.0
518,1.0,809.0,2.0
519,1.0,810.0,2.0
520,1.0,812.0,2.0
521,1.0,814.0,1.0
522,1.0,817.0,2.0
523,1.0,818.0,1.0
524,1.0,820.0,1.0
525,1.0,821.0,1.0
526,1.0,822.0,1.0
527,1.0,823.0,1.0
528,1.0,824.0,2.0
529,1.0,825.0,4.0
530,1.0,826.0,1.0
531,1.0,827.0,1.0
532,1.0,829.0,3.0
533,1.0,830.0,1.0
534,1.0,831.0,1.0
535,1.0,832.0,1.0
536,1.0,835.0,1.0
537,1.0,836.0,1.0
538,1.0,837.0,1.0
539,1.0,839.0,2.0
540,1.0,840.0,2.0
541,1.0,841.0,1.0
542,1.0,842.0,1.0
543,1.0,844.0,1.0
544,1.0,845.0,3.0
545,1.0,846.0,1.0
546,1.0,848.0,2.0
547,1.0,850.0,1.0
548,1.0,852.0,1.0
549,1.0,853.0,3.0
550,1.0,854.0,3.0
551,1.0,855.0,1.0
552,1.0,858.0,1.0
553,1.0,860.0,1.0
554,1.0,861.0,1.0
555,1.0,864.0,1.0
556,1.0,865.0,1.0
557,1.0,868.0,1.0
558,1.0,870.0,1.0
559,1.0,871.0,2.0
560,1.0,873.0,1.0
561,1.0,874.0,1.0
562,1.0,876.0,2.0
563,1.0,880.0,1.0
564,1.0,881.0,2.0
565,1.0,882.0,1.0
566,1.0,883.0,1.0
567,1.0,884.0,1.0
568,1.0,888.0,3.0
569,1.0,889.0,1.0
570,1.0,890.0,2.0
571,1.0,891.0,1.0
572,1.0,892.0,2.0
573,1.0,893.0,1.0
574,1.0,894.0,1.0
575,1.0,895.0,4.0
576,1.0,896.0,2.0
577,1.0,898.0,1.0
578,1.0,899.0,3.0
579,1.0,901.0,1.0
580,1.0,902.0,1.0
581,1.0,903.0,3.0
582,1.0,904.0,2.0
583,1.0,905.0,1.0
584,1.0,907.0,1.0
585,1.0,908.0,2.0
586,1.0,910.0,1.0
587,1.0,912.0,1.0
588,1.0,913.0,1.0
589,1.0,914.0,2.0
590,1.0,915.0,2.0
591,1.0,917.0,2.0
592,1.0,918.0,2.0
593,1.0,919.0,2.0
594,1.0,922.0,3.0
595,1.0,923.0,3.0
596,1.0,924.0,3.0
597,1.0,926.0,1.0
598,1.0,928.0,2.0
599,1.0,929.0,1.0
600,1.0,930.0,1.0
601,1.0,931.0,1.0
602,1.0,933.0,2.0
603,1.0,934.0,3.0
604,1.0,936.0,1.0
605,1.0,937.0,1.0
606,1.0,938.0,1.0
607,1.0,939.0,4.0
608,1.0,940.0,1.0
609,1.0,946.0,1.0
610,1.0,948.0,2.0
611,1.0,949.0,1.0
612,1.0,950.0,1.0
613,1.0,952.0,2.0
614,1.0,953.0,1.0
615,1.0,956.0,2.0
616,1.0,958.0,1.0
617,1.0,962.0,1.0
618,1.0,963.0,1.0
619,1.0,964.0,1.0
620,1.0,965.0,2.0
621,1.0,967.0,1.0
622,1.0,970.0,1.0
623,1.0,971.0,2.0
624,1.0,972.0,2.0
625,1.0,973.0,1.0
626,1.0,975.0,2.0
627,1.0,976.0,1.0
628,1.0,978.0,1.0
629,1.0,979.0,1.0
630,1.0,980.0,1.0
631,1.0,981.0,4.0
632,1.0,982.0,1.0
633,1.0,983.0,2.0
634,1.0,984.0,3.0
635,1.0,986.0,1.0
636,1.0,988.0,2.0
637,1.0,990.0,2.0
638,1.0,991.0,3.0
639,1.0,994.0,1.0
640,1.0,997.0,2.0
641,2.0,8.0,3.0
642,2.0,9.0,6.0
643,2.0,11.0,1.0
644,2.0,12.0,2.0
645,2.0,13.0,1.0
646,2.0,17.0,2.0
647,2.0,21.0,4.0
648,2.0,23.0,2.0
649,2.0,26.0,2.0
650,2.0,35.0,1.0
651,2.0,36.0,2.0
652,2.0,39.0,7.0
653,2.0,40.0,3.0
654,2.0,49.0,2.0
655,2.0,51.0,1.0
656,2.0,52.0,1.0
657,2.0,54.0,2.0
658,2.0,55.0,4.0
659,2.0,56.0,1.0
660,2.0,57.0,3.0
661,2.0,58.0,2.0
662,2.0,67.0,1.0
663,2.0,70.0,3.0
664,2.0,75.0,2.0
665,2.0,76.0,1.0
666,2.0,77.0,5.0
667,2.0,79.0,7.0
668,2.0,80.0,4.0
669,2.0,83.0,2.0
670,2.0,84.0,4.0
671,2.0,86.0,4.0
672,2.0,88.0,1.0
673,2.0,90.0,1.0
674,2.0,93.0,1.0
675,2.0,96.0,2.0
676,2.0,98.0,1.0
677,2.0,99.0,10.0
678,2.0,102.0,2.0
679,2.0,103.0,2.0
680,2.0,104.0,1.0
681,2.0,106.0,2.0
682,2.0,109.0,1.0
683,2.0,114.0,1.0
684,2.0,117.0,1.0
685,2.0,118.0,2.0
686,2.0,119.0,5.0
687,2.0,120.0,2.0
688,2.0,122.0,6.0
689,2.0,127.0,1.0
690,2.0,129.0,2.0
691,2.0,136.0,2.0
692,2.0,137.0,5.0
693,2.0,138.0,3.0
694,2.0,139.0,3.0
695,2.0,140.0,3.0
696,2.0,142.0,1.0
697,2.0,154.0,2.0
698,2.0,155.0,2.0
699,2.0,159.0,3.0
700,2.0,161.0,1.0
701,2.0,166.0,4.0
702,2.0,167.0,1.0
703,2.0,176.0,1.0
704,2.0,177.0,1.0
705,2.0,178.0,2.0
706,2.0,179.0,1.0
707,2.0,186.0,2.0
708,2.0,187.0,3.0
709,2.0,193.0,6.0
710,2.0,194.0,1.0
711,2.0,198.0,3.0
712,2.0,204.0,2.0
713,2.0,208.0,1.0
714,2.0,211.0,2.0
715,2.0,213.0,1.0
716,2.0,215.0,7.0
717,2.0,218.0,1.0
718,2.0,221.0,1.0
719,2.0,223.0,1.0
720,2.0,224.0,2.0
721,2.0,226.0,3.0
722,2.0,228.0,4.0
723,2.0,229.0,4.0
724,2.0,232.0,2.0
725,2.0,234.0,1.0
726,2.0,235.0,1.0
727,2.0,236.0,1.0
728,2.0,237.0,1.0
729,2.0,239.0,1.0
730,2.0,242.0,2.0
731,2.0,251.0,3.0
732,2.0,252.0,1.0
733,2.0,254.0,3.0
734,2.0,255.0,3.0
735,2.0,256.0,4.0
736,2.0,259.0,1.0
737,2.0,266.0,1.0
738,2.0,268.0,2.0
739,2.0,270.0,2.0
740,2.0,271.0,7.0
741,2.0,273.0,3.0
742,2.0,276.0,8.0
743,2.0,277.0,2.0
744,2.0,279.0,3.0
745,2.0,282.0,1.0
746,2.0,283.0,4.0
747,2.0,286.0,4.0
748,2.0,287.0,4.0
749,2.0,288.0,1.0
750,2.0,290.0,4.0
751,2.0,292.0,1.0
752,2.0,295.0,2.0
753,2.0,296.0,2.0
754,2.0,299.0,1.0
755,2.0,303.0,2.0
756,2.0,306.0,1.0
757,2.0,309.0,2.0
758,2.0,318.0,3.0
759,2.0,320.0,1.0
760,2.0,322.0,3.0
761,2.0,323.0,1.0
762,2.0,324.0,4.0
763,2.0,329.0,1.0
764,2.0,331.0,5.0
765,2.0,332.0,6.0
766,2.0,333.0,1.0
767,2.0,334.0,1.0
768,2.0,335.0,4.0
769,2.0,337.0,3.0
770,2.0,338.0,4.0
771,2.0,343.0,1.0
772,2.0,344.0,1.0
773,2.0,346.0,1.0
774,2.0,347.0,3.0
775,2.0,350.0,4.0
776,2.0,354.0,3.0
777,2.0,356.0,1.0
778,2.0,357.0,2.0
779,2.0,360.0,2.0
780,2.0,363.0,1.0
781,2.0,364.0,3.0
782,2.0,366.0,2.0
783,2.0,367.0,3.0
784,2.0,375.0,12.0
785,2.0,376.0,3.0
786,2.0,377.0,2.0
787,2.0,379.0,2.0
788,2.0,381.0,1.0
789,2.0,383.0,2.0
790,2.0,384.0,1.0
791,2.0,386.0,2.0
792,2.0,388.0,1.0
793,2.0,390.0,1.0
794,2.0,395.0,3.0
795,2.0,398.0,2.0
796,2.0,402.0,1.0
797,2.0,411.0,5.0
798,2.0,414.0,3.0
799,2.0,415.0,4.0
800,2.0,416.0,2.0
801,2.0,418.0,1.0
802,2.0,421.0,1.0
803,2.0,422.0,2.0
804,2.0,423.0,1.0
805,2.0,425.0,2.0
806,2.0,428.0,1.0
807,2.0,429.0,1.0
808,2.0,430.0,1.0
809,2.0,435.0,2.0
810,2.0,436.0,2.0
811,2.0,438.0,6.0
812,2.0,440.0,7.0
813,2.0,443.0,2.0
814,2.0,445.0,1.0
815,2.0,448.0,5.0
816,2.0,449.0,1.0
817,2.0,451.0,2.0
818,2.0,454.0,1.0
819,2.0,456.0,1.0
820,2.0,457.0,2.0
821,2.0,459.0,2.0
822,2.0,463.0,4.0
823,2.0,465.0,5.0
824,2.0,466.0,1.0
825,2.0,467.0,5.0
826,2.0,470.0,2.0
827,2.0,472.0,3.0
828,2.0,474.0,1.0
829,2.0,475.0,1.0
830,2.0,477.0,5.0
831,2.0,478.0,4.0
832,2.0,487.0,8.0
833,2.0,490.0,3.0
834,2.0,491.0,5.0
835,2.0,495.0,3.0
836,2.0,496.0,2.0
837,2.0,499.0,4.0
838,2.0,500.0,6.0
839,2.0,503.0,1.0
840,2.0,506.0,1.0
841,2.0,511.0,2.0
842,2.0,512.0,3.0
843,2.0,513.0,2.0
844,2.0,516.0,2.0
845,2.0,523.0,2.0
846,2.0,524.0,4.0
847,2.0,525.0,2.0
848,2.0,527.0,3.0
849,2.0,533.0,2.0
850,2.0,534.0,2.0
851,2.0,535.0,2.0
852,2.0,540.0,2.0
853,2.0,544.0,2.0
854,2.0,547.0,5.0
855,2.0,548.0,1.0
856,2.0,549.0,2.0
857,2.0,552.0,2.0
858,2.0,558.0,1.0
859,2.0,559.0,3.0
860,2.0,562.0,1.0
861,2.0,567.0,1.0
862,2.0,568.0,1.0
863,2.0,571.0,8.0
864,2.0,574.0,3.0
865,2.0,575.0,1.0
866,2.0,576.0,1.0
867,2.0,578.0,1.0
868,2.0,579.0,7.0
869,2.0,581.0,1.0
870,2.0,582.0,8.0
871,2.0,584.0,7.0
872,2.0,586.0,1.0
873,2.0,588.0,3.0
874,2.0,590.0,3.0
875,2.0,592.0,3.0
876,2.0,597.0,2.0
877,2.0,598.0,3.0
878,2.0,600.0,1.0
879,2.0,601.0,1.0
880,2.0,603.0,1.0
881,2.0,605.0,10.0
882,2.0,611.0,4.0
883,2.0,616.0,4.0
884,2.0,618.0,2.0
885,2.0,620.0,3.0
886,2.0,625.0,4.0
887,2.0,628.0,1.0
888,2.0,630.0,4.0
889,2.0,632.0,1.0
890,2.0,636.0,3.0
891,2.0,637.0,1.0
892,2.0,638.0,2.0
893,2.0,640.0,1.0
894,2.0,643.0,1.0
895,2.0,644.0,1.0
896,2.0,649.0,2.0
897,2.0,651.0,9.0
898,2.0,655.0,1.0
899,2.0,656.0,1.0
900,2.0,664.0,1.0
901,2.0,665.0,4.0
902,2.0,667.0,5.0
903,2.0,668.0,1.0
904,2.0,670.0,3.0
905,2.0,671.0,6.0
906,2.0,676.0,1.0
907,2.0,678.0,4.0
908,2.0,680.0,2.0
909,2.0,681.0,1.0
910,2.0,688.0,3.0
911,2.0,689.0,3.0
912,2.0,691.0,4.0
913,2.0,692.0,1.0
914,2.0,693.0,7.0
915,2.0,695.0,1.0
916,2.0,699.0,1.0
917,2.0,701.0,1.0
918,2.0,702.0,1.0
919,2.0,703.0,1.0
920,2.0,712.0,1.0
921,2.0,713.0,2.0
922,2.0,715.0,1.0
923,2.0,720.0,1.0
924,2.0,721.0,3.0
925,2.0,726.0,7.0
926,2.0,731.0,1.0
927,2.0,733.0,2.0
928,2.0,739.0,4.0
929,2.0,743.0,1.0
930,2.0,745.0,1.0
931,2.0,746.0,1.0
932,2.0,749.0,2.0
933,2.0,750.0,7.0
934,2.0,752.0,3.0
935,2.0,757.0,3.0
936,2.0,759.0,8.0
937,2.0,760.0,2.0
938,2.0,762.0,2.0
939,2.0,764.0,1.0
940,2.0,767.0,1.0
941,2.0,768.0,3.0
942,2.0,778.0,1.0
943,2.0,779.0,1.0
944,2.0,781.0,1.0
945,2.0,786.0,4.0
946,2.0,787.0,1.0
947,2.0,788.0,2.0
948,2.0,790.0,3.0
949,2.0,795.0,5.0
950,2.0,796.0,1.0
951,2.0,797.0,7.0
952,2.0,799.0,1.0
953,2.0,808.0,2.0
954,2.0,809.0,2.0
955,2.0,817.0,2.0
956,2.0,818.0,1.0
957,2.0,820.0,1.0
958,2.0,821.0,2.0
959,2.0,825.0,2.0
960,2.0,826.0,3.0
961,2.0,829.0,6.0
962,2.0,830.0,1.0
963,2.0,831.0,1.0
964,2.0,835.0,4.0
965,2.0,837.0,2.0
966,2.0,839.0,2.0
967,2.0,840.0,2.0
968,2.0,844.0,3.0
969,2.0,845.0,2.0
970,2.0,850.0,4.0
971,2.0,853.0,5.0
972,2.0,854.0,1.0
973,2.0,860.0,2.0
974,2.0,864.0,5.0
975,2.0,868.0,3.0
976,2.0,870.0,5.0
977,2.0,871.0,1.0
978,2.0,873.0,2.0
979,2.0,876.0,7.0
980,2.0,880.0,4.0
981,2.0,881.0,6.0
982,2.0,883.0,1.0
983,2.0,888.0,3.0
984,2.0,889.0,3.0
985,2.0,890.0,3.0
986,2.0,891.0,2.0
987,2.0,893.0,1.0
988,2.0,894.0,1.0
989,2.0,895.0,6.0
990,2.0,899.0,1.0
991,2.0,902.0,3.0
992,2.0,903.0,4.0
993,2.0,905.0,1.0
994,2.0,907.0,1.0
995,2.0,908.0,1.0
996,2.0,912.0,2.0
997,2.0,914.0,1.0
998,2.0,915.0,2.0
999,2.0,917.0,1.0
1000,2.0,918.0,2.0
1001,2.0,919.0,1.0
1002,2.0,922.0,1.0
1003,2.0,923.0,5.0
1004,2.0,924.0,5.0
1005,2.0,926.0,1.0
1006,2.0,928.0,1.0
1007,2.0,929.0,1.0
1008,2.0,933.0,3.0
1009,2.0,934.0,5.0
1010,2.0,939.0,4.0
1011,2.0,946.0,2.0
1012,2.0,948.0,4.0
1013,2.0,949.0,3.0
1014,2.0,950.0,2.0
1015,2.0,952.0,6.0
1016,2.0,956.0,2.0
1017,2.0,958.0,1.0
1018,2.0,964.0,2.0
1019,2.0,965.0,1.0
1020,2.0,967.0,1.0
1021,2.0,971.0,1.0
1022,2.0,973.0,1.0
1023,2.0,975.0,2.0
1024,2.0,978.0,3.0
1025,2.0,979.0,2.0
1026,2.0,981.0,4.0
1027,2.0,983.0,6.0
1028,2.0,984.0,4.0
1029,2.0,990.0,1.0
1030,2.0,991.0,2.0
1031,2.0,997.0,1.0
1032,3.0,9.0,7.0
1033,3.0,11.0,2.0
1034,3.0,13.0,1.0
1035,3.0,17.0,1.0
1036,3.0,21.0,4.0
1037,3.0,26.0,1.0
1038,3.0,35.0,2.0
1039,3.0,36.0,3.0
1040,3.0,39.0,6.0
1041,3.0,40.0,9.0
1042,3.0,52.0,1.0
1043,3.0,55.0,6.0
1044,3.0,56.0,1.0
1045,3.0,57.0,1.0
1046,3.0,70.0,2.0
1047,3.0,75.0,2.0
1048,3.0,77.0,13.0
1049,3.0,79.0,1.0
1050,3.0,80.0,8.0
1051,3.0,83.0,1.0
1052,3.0,84.0,5.0
1053,3.0,86.0,6.0
1054,3.0,90.0,1.0
1055,3.0,98.0,2.0
1056,3.0,99.0,7.0
1057,3.0,102.0,1.0
1058,3.0,103.0,1.0
1059,3.0,104.0,1.0
1060,3.0,117.0,1.0
1061,3.0,118.0,2.0
1062,3.0,119.0,11.0
1063,3.0,120.0,1.0
1064,3.0,122.0,9.0
1065,3.0,129.0,3.0
1066,3.0,136.0,6.0
1067,3.0,137.0,3.0
1068,3.0,138.0,2.0
1069,3.0,139.0,1.0
1070,3.0,140.0,4.0
1071,3.0,142.0,3.0
1072,3.0,154.0,3.0
1073,3.0,155.0,1.0
1074,3.0,159.0,5.0
1075,3.0,167.0,1.0
1076,3.0,178.0,4.0
1077,3.0,186.0,2.0
1078,3.0,187.0,3.0
1079,3.0,193.0,11.0
1080,3.0,194.0,3.0
1081,3.0,204.0,2.0
1082,3.0,215.0,7.0
1083,3.0,218.0,1.0
1084,3.0,224.0,2.0
1085,3.0,226.0,1.0
1086,3.0,228.0,2.0
1087,3.0,229.0,10.0
1088,3.0,232.0,2.0
1089,3.0,236.0,1.0
1090,3.0,237.0,9.0
1091,3.0,242.0,5.0
1092,3.0,251.0,3.0
1093,3.0,254.0,6.0
1094,3.0,255.0,4.0
1095,3.0,256.0,8.0
1096,3.0,259.0,1.0
1097,3.0,268.0,6.0
1098,3.0,270.0,5.0
1099,3.0,271.0,8.0
1100,3.0,273.0,2.0
1101,3.0,276.0,10.0
1102,3.0,277.0,4.0
1103,3.0,279.0,4.0
1104,3.0,283.0,6.0
1105,3.0,286.0,12.0
1106,3.0,287.0,3.0
1107,3.0,290.0,1.0
1108,3.0,295.0,2.0
1109,3.0,296.0,4.0
1110,3.0,299.0,1.0
1111,3.0,303.0,1.0
1112,3.0,306.0,1.0
1113,3.0,309.0,1.0
1114,3.0,320.0,1.0
1115,3.0,322.0,7.0
1116,3.0,324.0,6.0
1117,3.0,329.0,2.0
1118,3.0,331.0,4.0
1119,3.0,332.0,3.0
1120,3.0,334.0,1.0
1121,3.0,335.0,3.0
1122,3.0,338.0,3.0
1123,3.0,343.0,1.0
1124,3.0,344.0,2.0
1125,3.0,346.0,3.0
1126,3.0,347.0,12.0
1127,3.0,350.0,3.0
1128,3.0,354.0,3.0
1129,3.0,357.0,7.0
1130,3.0,364.0,2.0
1131,3.0,367.0,6.0
1132,3.0,375.0,17.0
1133,3.0,376.0,1.0
1134,3.0,377.0,1.0
1135,3.0,381.0,2.0
1136,3.0,383.0,3.0
1137,3.0,386.0,1.0
1138,3.0,390.0,1.0
1139,3.0,395.0,2.0
1140,3.0,398.0,2.0
1141,3.0,411.0,9.0
1142,3.0,414.0,3.0
1143,3.0,415.0,4.0
1144,3.0,416.0,6.0
1145,3.0,421.0,1.0
1146,3.0,422.0,2.0
1147,3.0,425.0,1.0
1148,3.0,428.0,7.0
1149,3.0,429.0,2.0
1150,3.0,435.0,1.0
1151,3.0,436.0,6.0
1152,3.0,438.0,8.0
1153,3.0,440.0,2.0
1154,3.0,443.0,5.0
1155,3.0,445.0,2.0
1156,3.0,448.0,10.0
1157,3.0,451.0,2.0
1158,3.0,457.0,3.0
1159,3.0,459.0,1.0
1160,3.0,463.0,4.0
1161,3.0,465.0,3.0
1162,3.0,467.0,4.0
1163,3.0,470.0,2.0
1164,3.0,472.0,4.0
1165,3.0,474.0,2.0
1166,3.0,477.0,3.0
1167,3.0,478.0,8.0
1168,3.0,487.0,5.0
1169,3.0,490.0,2.0
1170,3.0,491.0,1.0
1171,3.0,495.0,3.0
1172,3.0,496.0,1.0
1173,3.0,499.0,4.0
1174,3.0,500.0,4.0
1175,3.0,503.0,1.0
1176,3.0,506.0,2.0
1177,3.0,512.0,2.0
1178,3.0,513.0,4.0
1179,3.0,523.0,1.0
1180,3.0,524.0,10.0
1181,3.0,527.0,2.0
1182,3.0,533.0,1.0
1183,3.0,534.0,3.0
1184,3.0,540.0,4.0
1185,3.0,547.0,15.0
1186,3.0,548.0,1.0
1187,3.0,549.0,1.0
1188,3.0,552.0,4.0
1189,3.0,562.0,6.0
1190,3.0,571.0,3.0
1191,3.0,574.0,5.0
1192,3.0,575.0,1.0
1193,3.0,579.0,1.0
1194,3.0,582.0,5.0
1195,3.0,584.0,6.0
1196,3.0,588.0,8.0
1197,3.0,590.0,2.0
1198,3.0,592.0,6.0
1199,3.0,597.0,1.0
1200,3.0,598.0,6.0
1201,3.0,600.0,5.0
1202,3.0,605.0,7.0
1203,3.0,611.0,2.0
1204,3.0,616.0,2.0
1205,3.0,618.0,1.0
1206,3.0,620.0,2.0
1207,3.0,625.0,1.0
1208,3.0,630.0,2.0
1209,3.0,632.0,2.0
1210,3.0,636.0,4.0
1211,3.0,637.0,1.0
1212,3.0,638.0,4.0
1213,3.0,640.0,1.0
1214,3.0,643.0,1.0
1215,3.0,644.0,1.0
1216,3.0,651.0,4.0
1217,3.0,656.0,3.0
1218,3.0,665.0,2.0
1219,3.0,667.0,7.0
1220,3.0,668.0,5.0
1221,3.0,671.0,9.0
1222,3.0,678.0,3.0
1223,3.0,680.0,1.0
1224,3.0,681.0,1.0
1225,3.0,688.0,1.0
1226,3.0,689.0,4.0
1227,3.0,691.0,9.0
1228,3.0,693.0,6.0
1229,3.0,695.0,1.0
1230,3.0,702.0,3.0
1231,3.0,712.0,1.0
1232,3.0,713.0,4.0
1233,3.0,720.0,1.0
1234,3.0,721.0,2.0
1235,3.0,726.0,10.0
1236,3.0,731.0,2.0
1237,3.0,733.0,3.0
1238,3.0,739.0,3.0
1239,3.0,745.0,1.0
1240,3.0,746.0,1.0
1241,3.0,749.0,1.0
1242,3.0,750.0,6.0
1243,3.0,752.0,5.0
1244,3.0,757.0,4.0
1245,3.0,759.0,7.0
1246,3.0,760.0,3.0
1247,3.0,762.0,2.0
1248,3.0,764.0,1.0
1249,3.0,768.0,4.0
1250,3.0,779.0,1.0
1251,3.0,786.0,7.0
1252,3.0,788.0,1.0
1253,3.0,790.0,6.0
1254,3.0,795.0,5.0
1255,3.0,796.0,1.0
1256,3.0,797.0,7.0
1257,3.0,808.0,2.0
1258,3.0,809.0,1.0
1259,3.0,817.0,3.0
1260,3.0,821.0,1.0
1261,3.0,825.0,6.0
1262,3.0,826.0,5.0
1263,3.0,835.0,4.0
1264,3.0,837.0,4.0
1265,3.0,840.0,1.0
1266,3.0,844.0,2.0
1267,3.0,845.0,4.0
1268,3.0,850.0,8.0
1269,3.0,853.0,7.0
1270,3.0,854.0,2.0
1271,3.0,860.0,1.0
1272,3.0,864.0,3.0
1273,3.0,868.0,2.0
1274,3.0,870.0,2.0
1275,3.0,873.0,7.0
1276,3.0,876.0,4.0
1277,3.0,880.0,5.0
1278,3.0,881.0,1.0
1279,3.0,883.0,2.0
1280,3.0,888.0,7.0
1281,3.0,890.0,4.0
1282,3.0,895.0,9.0
1283,3.0,899.0,3.0
1284,3.0,902.0,1.0
1285,3.0,903.0,5.0
1286,3.0,907.0,2.0
1287,3.0,908.0,1.0
1288,3.0,912.0,3.0
1289,3.0,915.0,1.0
1290,3.0,918.0,4.0
1291,3.0,919.0,1.0
1292,3.0,922.0,1.0
1293,3.0,923.0,1.0
1294,3.0,924.0,7.0
1295,3.0,928.0,1.0
1296,3.0,929.0,1.0
1297,3.0,933.0,2.0
1298,3.0,934.0,4.0
1299,3.0,939.0,11.0
1300,3.0,946.0,4.0
1301,3.0,948.0,3.0
1302,3.0,949.0,4.0
1303,3.0,950.0,1.0
1304,3.0,952.0,7.0
1305,3.0,964.0,3.0
1306,3.0,967.0,1.0
1307,3.0,981.0,2.0
1308,3.0,983.0,4.0
1309,3.0,984.0,4.0
1310,3.0,991.0,1.0
1311,3.0,997.0,1.0
1312,4.0,9.0,8.0
1313,4.0,11.0,4.0
1314,4.0,13.0,7.0
1315,4.0,17.0,1.0
1316,4.0,21.0,8.0
1317,4.0,35.0,1.0
1318,4.0,36.0,1.0
1319,4.0,39.0,1.0
1320,4.0,40.0,11.0
1321,4.0,55.0,3.0
1322,4.0,57.0,2.0
1323,4.0,70.0,11.0
1324,4.0,75.0,4.0
1325,4.0,77.0,15.0
1326,4.0,80.0,4.0
1327,4.0,83.0,3.0
1328,4.0,84.0,4.0
1329,4.0,86.0,4.0
1330,4.0,90.0,1.0
1331,4.0,98.0,3.0
1332,4.0,99.0,4.0
1333,4.0,103.0,1.0
1334,4.0,104.0,3.0
1335,4.0,118.0,1.0
1336,4.0,119.0,11.0
1337,4.0,120.0,1.0
1338,4.0,122.0,9.0
1339,4.0,129.0,3.0
1340,4.0,136.0,9.0
1341,4.0,137.0,5.0
1342,4.0,138.0,4.0
1343,4.0,139.0,4.0
1344,4.0,142.0,1.0
1345,4.0,154.0,8.0
1346,4.0,159.0,6.0
1347,4.0,167.0,1.0
1348,4.0,178.0,6.0
1349,4.0,187.0,1.0
1350,4.0,193.0,17.0
1351,4.0,194.0,1.0
1352,4.0,215.0,5.0
1353,4.0,218.0,1.0
1354,4.0,224.0,3.0
1355,4.0,226.0,1.0
1356,4.0,229.0,9.0
1357,4.0,232.0,2.0
1358,4.0,236.0,2.0
1359,4.0,237.0,8.0
1360,4.0,242.0,9.0
1361,4.0,251.0,1.0
1362,4.0,254.0,3.0
1363,4.0,255.0,1.0
1364,4.0,256.0,7.0
1365,4.0,259.0,1.0
1366,4.0,268.0,8.0
1367,4.0,270.0,6.0
1368,4.0,271.0,7.0
1369,4.0,273.0,1.0
1370,4.0,276.0,16.0
1371,4.0,277.0,5.0
1372,4.0,279.0,1.0
1373,4.0,283.0,4.0
1374,4.0,286.0,11.0
1375,4.0,287.0,4.0
1376,4.0,290.0,1.0
1377,4.0,295.0,3.0
1378,4.0,296.0,5.0
1379,4.0,306.0,2.0
1380,4.0,322.0,4.0
1381,4.0,324.0,8.0
1382,4.0,329.0,7.0
1383,4.0,331.0,2.0
1384,4.0,334.0,4.0
1385,4.0,335.0,5.0
1386,4.0,338.0,1.0
1387,4.0,343.0,3.0
1388,4.0,344.0,2.0
1389,4.0,346.0,1.0
1390,4.0,347.0,10.0
1391,4.0,350.0,2.0
1392,4.0,357.0,13.0
1393,4.0,364.0,3.0
1394,4.0,367.0,10.0
1395,4.0,375.0,9.0
1396,4.0,381.0,6.0
1397,4.0,383.0,3.0
1398,4.0,395.0,4.0
1399,4.0,398.0,1.0
1400,4.0,411.0,6.0
1401,4.0,414.0,2.0
1402,4.0,415.0,6.0
1403,4.0,416.0,2.0
1404,4.0,422.0,1.0
1405,4.0,428.0,21.0
1406,4.0,435.0,4.0
1407,4.0,436.0,2.0
1408,4.0,438.0,17.0
1409,4.0,440.0,1.0
1410,4.0,443.0,4.0
1411,4.0,445.0,1.0
1412,4.0,448.0,8.0
1413,4.0,451.0,1.0
1414,4.0,457.0,6.0
1415,4.0,463.0,2.0
1416,4.0,465.0,3.0
1417,4.0,467.0,3.0
1418,4.0,472.0,1.0
1419,4.0,477.0,4.0
1420,4.0,478.0,3.0
1421,4.0,487.0,5.0
1422,4.0,490.0,2.0
1423,4.0,495.0,1.0
1424,4.0,496.0,1.0
1425,4.0,499.0,8.0
1426,4.0,500.0,9.0
1427,4.0,503.0,3.0
1428,4.0,506.0,1.0
1429,4.0,512.0,1.0
1430,4.0,513.0,4.0
1431,4.0,524.0,9.0
1432,4.0,527.0,5.0
1433,4.0,533.0,1.0
1434,4.0,534.0,7.0
1435,4.0,540.0,8.0
1436,4.0,547.0,17.0
1437,4.0,549.0,1.0
1438,4.0,552.0,5.0
1439,4.0,562.0,4.0
1440,4.0,571.0,6.0
1441,4.0,579.0,1.0
1442,4.0,582.0,2.0
1443,4.0,584.0,6.0
1444,4.0,588.0,10.0
1445,4.0,592.0,16.0
1446,4.0,597.0,2.0
1447,4.0,598.0,4.0
1448,4.0,600.0,4.0
1449,4.0,605.0,2.0
1450,4.0,611.0,1.0
1451,4.0,620.0,6.0
1452,4.0,630.0,2.0
1453,4.0,632.0,2.0
1454,4.0,636.0,4.0
1455,4.0,637.0,1.0
1456,4.0,638.0,2.0
1457,4.0,644.0,1.0
1458,4.0,651.0,9.0
1459,4.0,665.0,3.0
1460,4.0,667.0,3.0
1461,4.0,668.0,5.0
1462,4.0,671.0,9.0
1463,4.0,678.0,2.0
1464,4.0,681.0,7.0
1465,4.0,689.0,8.0
1466,4.0,691.0,4.0
1467,4.0,693.0,4.0
1468,4.0,695.0,1.0
1469,4.0,702.0,2.0
1470,4.0,713.0,5.0
1471,4.0,720.0,1.0
1472,4.0,726.0,10.0
1473,4.0,731.0,2.0
1474,4.0,733.0,2.0
1475,4.0,739.0,4.0
1476,4.0,745.0,1.0
1477,4.0,746.0,1.0
1478,4.0,749.0,1.0
1479,4.0,750.0,4.0
1480,4.0,752.0,7.0
1481,4.0,757.0,7.0
1482,4.0,759.0,8.0
1483,4.0,760.0,2.0
1484,4.0,762.0,1.0
1485,4.0,768.0,2.0
1486,4.0,786.0,5.0
1487,4.0,790.0,9.0
1488,4.0,795.0,6.0
1489,4.0,797.0,13.0
1490,4.0,809.0,2.0
1491,4.0,821.0,1.0
1492,4.0,825.0,7.0
1493,4.0,826.0,4.0
1494,4.0,835.0,2.0
1495,4.0,837.0,3.0
1496,4.0,840.0,1.0
1497,4.0,844.0,2.0
1498,4.0,845.0,2.0
1499,4.0,850.0,7.0
1500,4.0,853.0,6.0
1501,4.0,854.0,1.0
1502,4.0,860.0,2.0
1503,4.0,864.0,9.0
1504,4.0,868.0,4.0
1505,4.0,873.0,15.0
1506,4.0,876.0,4.0
1507,4.0,880.0,6.0
1508,4.0,881.0,1.0
1509,4.0,883.0,1.0
1510,4.0,888.0,1.0
1511,4.0,890.0,1.0
1512,4.0,895.0,12.0
1513,4.0,899.0,2.0
1514,4.0,902.0,1.0
1515,4.0,903.0,13.0
1516,4.0,907.0,6.0
1517,4.0,912.0,4.0
1518,4.0,918.0,2.0
1519,4.0,924.0,3.0
1520,4.0,933.0,1.0
1521,4.0,934.0,5.0
1522,4.0,939.0,5.0
1523,4.0,948.0,4.0
1524,4.0,949.0,6.0
1525,4.0,952.0,9.0
1526,4.0,964.0,2.0
1527,4.0,981.0,3.0
1528,4.0,983.0,4.0
1529,4.0,984.0,5.0
1530,4.0,997.0,4.0
1531,5.0,9.0,6.0
1532,5.0,11.0,3.0
1533,5.0,13.0,6.0
1534,5.0,17.0,4.0
1535,5.0,21.0,7.0
1536,5.0,35.0,1.0
1537,5.0,40.0,10.0
1538,5.0,55.0,1.0
1539,5.0,57.0,3.0
1540,5.0,70.0,11.0
1541,5.0,75.0,3.0
1542,5.0,77.0,15.0
1543,5.0,80.0,6.0
1544,5.0,83.0,1.0
1545,5.0,84.0,1.0
1546,5.0,86.0,14.0
1547,5.0,90.0,5.0
1548,5.0,98.0,7.0
1549,5.0,99.0,1.0
1550,5.0,103.0,1.0
1551,5.0,104.0,2.0
1552,5.0,118.0,2.0
1553,5.0,119.0,13.0
1554,5.0,122.0,7.0
1555,5.0,129.0,7.0
1556,5.0,136.0,11.0
1557,5.0,137.0,4.0
1558,5.0,138.0,6.0
1559,5.0,139.0,3.0
1560,5.0,154.0,3.0
1561,5.0,159.0,2.0
1562,5.0,178.0,8.0
1563,5.0,187.0,3.0
1564,5.0,193.0,14.0
1565,5.0,215.0,5.0
1566,5.0,224.0,6.0
1567,5.0,229.0,7.0
1568,5.0,232.0,4.0
1569,5.0,236.0,2.0
1570,5.0,237.0,6.0
1571,5.0,242.0,4.0
1572,5.0,251.0,1.0
1573,5.0,254.0,1.0
1574,5.0,255.0,1.0
1575,5.0,256.0,8.0
1576,5.0,268.0,9.0
1577,5.0,270.0,11.0
1578,5.0,271.0,5.0
1579,5.0,273.0,2.0
1580,5.0,276.0,18.0
1581,5.0,277.0,8.0
1582,5.0,283.0,12.0
1583,5.0,286.0,16.0
1584,5.0,287.0,6.0
1585,5.0,295.0,1.0
1586,5.0,296.0,12.0
1587,5.0,306.0,5.0
1588,5.0,322.0,6.0
1589,5.0,324.0,9.0
1590,5.0,329.0,11.0
1591,5.0,331.0,4.0
1592,5.0,335.0,2.0
1593,5.0,338.0,2.0
1594,5.0,343.0,3.0
1595,5.0,344.0,1.0
1596,5.0,346.0,3.0
1597,5.0,347.0,14.0
1598,5.0,357.0,25.0
1599,5.0,364.0,4.0
1600,5.0,367.0,7.0
1601,5.0,375.0,10.0
1602,5.0,381.0,6.0
1603,5.0,395.0,3.0
1604,5.0,411.0,4.0
1605,5.0,415.0,3.0
1606,5.0,416.0,1.0
1607,5.0,428.0,26.0
1608,5.0,435.0,4.0
1609,5.0,436.0,2.0
1610,5.0,438.0,12.0
1611,5.0,440.0,2.0
1612,5.0,443.0,1.0
1613,5.0,445.0,1.0
1614,5.0,448.0,4.0
1615,5.0,457.0,5.0
1616,5.0,463.0,1.0
1617,5.0,465.0,3.0
1618,5.0,467.0,3.0
1619,5.0,478.0,1.0
1620,5.0,487.0,4.0
1621,5.0,499.0,17.0
1622,5.0,500.0,7.0
1623,5.0,503.0,2.0
1624,5.0,506.0,1.0
1625,5.0,513.0,3.0
1626,5.0,524.0,16.0
1627,5.0,527.0,7.0
1628,5.0,533.0,1.0
1629,5.0,534.0,6.0
1630,5.0,540.0,4.0
1631,5.0,547.0,16.0
1632,5.0,552.0,3.0
1633,5.0,562.0,2.0
1634,5.0,571.0,4.0
1635,5.0,579.0,4.0
1636,5.0,582.0,4.0
1637,5.0,584.0,8.0
1638,5.0,588.0,8.0
1639,5.0,592.0,16.0
1640,5.0,597.0,1.0
1641,5.0,598.0,6.0
1642,5.0,600.0,3.0
1643,5.0,605.0,2.0
1644,5.0,611.0,1.0
1645,5.0,620.0,2.0
1646,5.0,630.0,1.0
1647,5.0,636.0,4.0
1648,5.0,637.0,1.0
1649,5.0,644.0,1.0
1650,5.0,651.0,4.0
1651,5.0,665.0,3.0
1652,5.0,667.0,4.0
1653,5.0,668.0,2.0
1654,5.0,671.0,13.0
1655,5.0,678.0,1.0
1656,5.0,681.0,9.0
1657,5.0,689.0,9.0
1658,5.0,691.0,5.0
1659,5.0,693.0,8.0
1660,5.0,695.0,2.0
1661,5.0,702.0,2.0
1662,5.0,713.0,5.0
1663,5.0,720.0,1.0
1664,5.0,726.0,9.0
1665,5.0,731.0,5.0
1666,5.0,739.0,7.0
1667,5.0,745.0,1.0
1668,5.0,750.0,3.0
1669,5.0,752.0,5.0
1670,5.0,757.0,7.0
1671,5.0,759.0,4.0
1672,5.0,762.0,2.0
1673,5.0,768.0,2.0
1674,5.0,786.0,5.0
1675,5.0,790.0,4.0
1676,5.0,795.0,5.0
1677,5.0,797.0,4.0
1678,5.0,809.0,2.0
1679,5.0,825.0,12.0
1680,5.0,826.0,6.0
1681,5.0,835.0,4.0
1682,5.0,840.0,2.0
1683,5.0,844.0,5.0
1684,5.0,850.0,6.0
1685,5.0,853.0,8.0
1686,5.0,854.0,1.0
1687,5.0,860.0,4.0
1688,5.0,864.0,9.0
1689,5.0,868.0,1.0
1690,5.0,873.0,20.0
1691,5.0,880.0,9.0
1692,5.0,881.0,1.0
1693,5.0,883.0,1.0
1694,5.0,890.0,1.0
1695,5.0,895.0,6.0
1696,5.0,899.0,1.0
1697,5.0,903.0,15.0
1698,5.0,907.0,4.0
1699,5.0,912.0,8.0
1700,5.0,918.0,3.0
1701,5.0,933.0,9.0
1702,5.0,934.0,5.0
1703,5.0,939.0,6.0
1704,5.0,948.0,3.0
1705,5.0,949.0,6.0
1706,5.0,952.0,7.0
1707,5.0,981.0,2.0
1708,5.0,983.0,6.0
1709,5.0,984.0,7.0
1710,5.0,997.0,10.0
