,added
0,0
1,1
2,1
3,1
4,1
5,1
6,1
7,1
8,1
9,1
10,1
11,1
12,1
13,1
14,1
15,1
16,1
17,1
18,1
19,1
20,1
21,1
22,1
23,1
24,1
25,1
26,1
27,1
28,1
29,1
30,1
31,1
32,1
33,1
34,1
35,1
36,1
37,1
38,1
39,1
40,1
41,1
42,1
43,1
44,1
45,1
46,1
47,1
48,1
49,1
50,1
51,1
52,1
53,1
54,1
55,1
56,1
57,1
58,1
59,1
60,1
61,1
62,1
63,1
64,1
65,1
66,1
67,1
68,1
69,1
70,1
71,1
72,1
73,1
74,1
75,1
76,1
77,1
78,1
79,1
80,1
81,1
82,1
83,1
84,1
85,1
86,1
87,1
88,1
89,1
90,1
91,1
92,1
93,1
94,1
95,1
96,1
97,1
98,1
99,1
100,1
101,1
102,1
103,1
104,1
105,1
106,1
107,1
108,1
109,1
110,1
111,1
112,1
113,1
114,1
115,1
116,1
117,1
118,1
119,1
120,1
121,1
122,1
123,1
124,1
125,1
126,1
127,1
128,1
129,1
130,1
131,1
132,1
133,1
134,1
135,1
136,1
137,1
138,1
139,1
140,1
141,1
142,1
143,1
144,1
145,1
146,1
147,1
148,1
149,2
150,1
151,1
152,1
153,1
154,1
155,1
156,1
157,1
158,1
159,2
160,1
161,1
162,1
163,1
164,1
165,1
166,1
167,1
168,1
169,1
170,1
171,1
172,2
173,1
174,1
175,1
176,1
177,1
178,1
179,1
180,2
181,1
182,1
183,1
184,1
185,1
186,1
187,1
188,1
189,1
190,1
191,1
192,1
193,1
194,2
195,1
196,1
197,1
198,1
199,1
200,1
201,1
202,1
203,1
204,1
205,2
206,1
207,1
208,1
209,1
210,1
211,1
212,1
213,1
214,1
215,1
216,2
217,1
218,3
219,1
220,2
221,1
222,1
223,1
224,1
225,1
226,2
227,1
228,1
229,1
230,1
231,1
232,1
233,2
234,1
235,1
236,1
237,1
238,1
239,1
240,2
241,1
242,1
243,1
244,1
245,1
246,2
247,1
248,1
249,1
250,1
251,1
252,1
253,2
254,2
255,1
256,2
257,1
258,1
259,1
260,1
261,1
262,1
263,1
264,1
265,1
266,2
267,1
268,1
269,1
270,2
271,2
272,2
273,1
274,1
275,1
276,1
277,1
278,1
279,1
280,1
281,1
282,1
283,2
284,1
285,1
286,1
287,1
288,2
289,1
290,1
291,1
292,1
293,1
294,1
295,1
296,2
297,1
298,1
299,1
300,1
301,1
302,1
303,1
304,1
305,1
306,2
307,1
308,2
309,1
310,2
311,1
312,2
313,2
314,1
315,1
316,1
317,1
318,1
319,1
320,1
321,1
322,1
323,1
324,1
325,2
326,1
327,1
328,1
329,2
330,1
331,3
332,1
333,1
334,1
335,1
336,2
337,1
338,1
339,1
340,1
341,2
342,1
343,1
344,2
345,1
346,1
347,1
348,2
349,1
350,3
351,2
352,2
353,2
354,1
355,1
356,2
357,1
358,1
359,2
360,1
361,1
362,2
363,1
364,1
365,1
366,1
367,1
368,1
369,1
370,1
371,1
372,1
373,2
374,1
375,2
376,1
377,1
378,1
379,1
380,1
381,1
382,1
383,1
384,2
385,1
386,1
387,2
388,2
389,2
390,1
391,2
392,2
393,1
394,1
395,1
396,2
397,2
398,1
399,2
400,2
401,2
402,1
403,2
404,1
405,1
406,1
407,1
408,1
409,1
410,1
411,1
412,1
413,2
414,2
415,2
416,2
417,1
418,2
419,1
420,1
421,1
422,2
423,1
424,1
425,1
426,1
427,1
428,1
429,1
430,1
431,1
432,1
433,1
434,1
435,1
436,1
437,2
438,3
439,1
440,1
441,1
442,1
443,1
444,2
445,3
446,2
447,1
448,1
449,1
450,1
451,2
452,1
453,2
454,1
455,1
456,1
457,2
458,1
459,1
460,2
461,2
462,1
463,2
464,1
465,2
466,1
467,2
468,1
469,1
470,1
471,1
472,1
473,1
474,1
475,1
476,2
477,1
478,1
479,1
480,2
481,1
482,2
483,1
484,1
485,1
486,1
487,1
488,1
489,2
490,1
491,1
492,1
493,1
494,1
495,2
496,2
497,1
498,2
499,1
500,1
501,1
502,1
503,1
504,1
505,1
506,1
507,2
508,2
509,1
510,1
511,1
512,1
513,2
514,1
515,1
516,2
517,2
518,2
519,2
520,1
521,2
522,1
523,2
524,1
525,2
526,2
527,1
528,1
529,3
530,2
531,1
532,1
533,1
534,2
535,2
536,1
537,1
538,2
539,1
540,1
541,1
542,1
543,1
544,2
545,2
546,2
547,1
548,1
549,1
550,2
551,1
552,2
553,2
554,1
555,2
556,1
557,1
558,1
559,1
560,1
561,2
562,2
563,1
564,1
565,2
566,2
567,1
568,2
569,2
570,1
571,1
572,1
573,1
574,1
575,1
576,1
577,2
578,2
579,1
580,1
581,1
582,1
583,1
584,2
585,1
586,2
587,2
588,1
589,1
590,1
591,2
592,2
593,1
594,1
595,2
596,2
597,1
598,1
599,1
600,1
601,1
602,1
603,2
604,1
605,1
606,2
607,1
608,1
609,2
610,1
611,1
612,2
613,2
614,1
615,1
616,1
617,1
618,2
619,1
620,2
621,2
622,1
623,1
624,1
625,1
626,1
627,2
628,1
629,2
630,3
631,1
632,2
633,1
634,2
635,1
636,1
637,1
638,2
639,1
640,1
641,1
642,1
643,1
644,2
645,1
646,1
647,2
648,2
649,2
650,2
651,1
652,1
653,1
654,1
655,3
656,1
657,2
658,2
659,1
660,1
661,3
662,1
663,2
664,1
665,1
666,1
667,1
668,1
669,1
670,1
671,1
672,2
673,1
674,1
675,1
676,1
677,1
678,1
679,2
680,1
681,2
682,1
683,2
684,2
685,1
686,1
687,1
688,1
689,1
690,1
691,1
692,2
693,2
694,1
695,1
696,1
697,1
698,2
699,1
700,2
701,2
702,1
703,2
704,1
705,2
706,2
707,1
708,1
709,1
710,1
711,1
712,2
713,1
714,1
715,2
716,1
717,2
718,2
719,2
720,1
721,1
722,1
723,1
724,2
725,2
726,1
727,1
728,1
729,2
730,1
731,2
732,2
733,1
734,2
735,1
736,2
737,2
738,1
739,1
740,1
741,1
742,1
743,1
744,1
745,1
746,2
747,1
748,2
749,2
750,1
751,1
752,1
753,2
754,1
755,2
756,2
757,2
758,2
759,1
760,1
761,1
762,2
763,2
764,2
765,1
766,2
767,1
768,1
769,2
770,2
771,1
772,1
773,1
774,2
775,1
776,1
777,2
778,1
779,1
780,1
781,1
782,1
783,1
784,2
785,1
786,1
787,2
788,1
789,1
790,2
791,2
792,2
793,1
794,1
795,1
796,1
797,2
798,1
799,1
800,2
801,1
802,1
803,1
804,2
805,1
806,1
807,2
808,1
809,2
810,2
811,1
812,2
813,1
814,1
815,1
816,2
817,3
818,1
819,1
820,1
821,2
822,1
823,1
824,1
825,1
826,1
827,2
828,2
829,2
830,1
831,1
832,2
833,1
834,1
835,2
836,1
837,1
838,1
839,2
840,1
841,2
842,2
843,1
844,1
845,2
846,2
847,1
848,2
849,1
850,1
851,1
852,1
853,1
854,1
855,2
856,1
857,3
858,1
859,1
860,1
861,1
862,1
863,1
864,1
865,1
866,1
867,2
868,1
869,2
870,1
871,2
872,2
873,1
874,1
875,2
876,1
877,1
878,1
879,2
880,2
881,1
882,1
883,2
884,2
885,1
886,3
887,1
888,2
889,1
890,1
891,2
892,1
893,1
894,2
895,1
896,1
897,1
898,1
899,1
900,1
901,1
902,1
903,1
904,1
905,1
906,1
907,2
908,3
909,2
910,1
911,1
912,1
913,2
914,1
915,1
916,1
917,3
918,1
919,1
920,1
921,1
922,2
923,1
924,1
925,1
926,2
927,1
928,2
929,2
930,1
931,2
932,1
933,1
934,1
935,1
936,3
937,1
938,1
939,2
940,1
941,2
942,2
943,1
944,1
945,1
946,1
947,3
948,2
949,1
950,1
951,2
952,1
953,1
954,1
955,1
956,1
957,1
958,2
959,1
960,2
961,1
962,2
963,2
964,2
965,1
966,3
967,1
968,2
969,1
970,1
971,2
972,1
973,2
974,1
975,1
976,1
977,3
978,1
979,2
980,1
981,1
982,2
983,3
984,1
985,2
986,1
987,1
988,1
989,3
990,1
991,1
992,2
993,2
994,1
995,1
996,1
997,1
998,2
999,2
1000,2
1001,1
1002,1
1003,1
1004,1
1005,1
1006,2
1007,1
1008,2
1009,2
1010,2
1011,1
1012,1
1013,1
1014,2
1015,2
1016,1
1017,3
1018,2
1019,1
1020,2
1021,1
1022,1
1023,2
1024,2
1025,1
1026,1
1027,2
1028,1
1029,1
1030,2
1031,1
1032,2
1033,1
1034,1
1035,2
1036,3
1037,2
1038,2
1039,3
1040,1
1041,1
1042,1
1043,3
1044,1
1045,1
1046,1
1047,1
1048,2
1049,2
1050,1
1051,1
1052,1
1053,1
1054,1
1055,2
1056,1
1057,2
1058,3
1059,2
1060,2
1061,1
1062,2
1063,1
1064,2
1065,1
1066,2
1067,1
1068,1
1069,1
1070,1
1071,2
1072,1
1073,2
1074,1
1075,1
1076,1
1077,2
1078,1
1079,3
1080,1
1081,1
1082,1
1083,1
1084,2
1085,2
1086,2
1087,1
1088,1
1089,1
1090,1
1091,1
1092,1
1093,1
1094,2
1095,1
1096,1
1097,2
1098,3
1099,1
1100,2
1101,1
1102,1
1103,2
1104,2
1105,1
1106,1
1107,1
1108,1
1109,1
1110,1
1111,1
1112,1
1113,1
1114,2
1115,2
1116,2
1117,3
1118,1
1119,2
1120,2
1121,2
1122,1
1123,2
1124,2
1125,1
1126,2
1127,3
1128,2
1129,1
1130,2
1131,1
1132,2
1133,2
1134,2
1135,1
1136,1
1137,2
1138,1
1139,1
1140,2
1141,2
1142,1
1143,1
1144,2
1145,1
1146,1
1147,2
1148,1
1149,2
1150,2
1151,2
1152,2
1153,2
1154,1
1155,1
1156,1
1157,2
1158,2
1159,2
1160,1
1161,2
1162,2
1163,1
1164,1
1165,1
1166,3
1167,2
1168,1
1169,1
1170,1
1171,2
1172,1
1173,2
1174,2
1175,2
1176,1
1177,2
1178,2
1179,1
1180,1
1181,2
1182,2
1183,2
1184,1
1185,1
1186,1
1187,1
1188,1
1189,2
1190,1
1191,2
1192,1
1193,2
1194,1
1195,1
1196,1
1197,1
1198,2
1199,1
1200,2
1201,2
1202,3
1203,1
1204,1
1205,2
1206,3
1207,1
1208,2
1209,1
1210,2
1211,1
1212,2
1213,1
1214,1
1215,2
1216,1
1217,1
1218,1
1219,2
1220,2
1221,2
1222,1
1223,3
1224,1
1225,1
1226,1
1227,1
1228,2
1229,1
1230,1
1231,1
1232,1
1233,1
1234,2
1235,3
1236,1
1237,1
1238,1
1239,1
1240,1
1241,1
1242,1
1243,1
1244,2
1245,2
1246,1
1247,2
1248,1
1249,1
1250,1
1251,2
1252,2
1253,1
1254,2
1255,2
1256,2
1257,1
1258,1
1259,1
1260,2
1261,1
1262,2
1263,1
1264,1
1265,1
1266,2
1267,2
1268,2
1269,1
1270,1
1271,1
1272,1
1273,2
1274,2
1275,1
1276,1
1277,2
1278,2
1279,2
1280,1
1281,1
1282,3
1283,2
1284,2
1285,2
1286,1
1287,1
1288,1
1289,1
1290,2
1291,1
1292,2
1293,1
1294,3
1295,1
1296,1
1297,1
1298,1
1299,1
1300,2
1301,1
1302,2
1303,1
1304,1
1305,2
1306,1
1307,1
1308,1
1309,1
1310,2
1311,1
1312,1
1313,1
1314,1
1315,2
1316,3
1317,1
1318,1
1319,1
1320,1
1321,2
1322,1
1323,1
1324,1
1325,1
1326,2
1327,1
1328,1
1329,2
1330,2
1331,3
1332,1
1333,1
1334,2
1335,1
1336,1
1337,2
1338,2
1339,2
1340,1
1341,2
1342,1
1343,1
1344,1
1345,1
1346,2
1347,1
1348,1
1349,1
1350,2
1351,1
1352,2
1353,2
1354,1
1355,1
1356,1
1357,1
1358,2
1359,1
1360,2
1361,3
1362,1
1363,1
1364,2
1365,1
1366,2
1367,1
1368,1
1369,1
1370,2
1371,2
1372,1
1373,1
1374,1
1375,1
1376,1
1377,1
1378,1
1379,2
1380,2
1381,2
1382,2
1383,2
1384,2
1385,3
1386,1
1387,3
1388,2
1389,2
1390,1
1391,1
1392,2
1393,2
1394,1
1395,1
1396,3
1397,1
1398,2
1399,1
1400,1
1401,3
1402,2
1403,1
1404,2
1405,1
1406,2
1407,1
1408,1
1409,2
1410,1
1411,1
1412,1
1413,1
1414,1
1415,1
1416,1
1417,2
1418,1
1419,1
1420,1
1421,2
1422,1
1423,1
1424,2
1425,1
1426,1
1427,1
1428,1
1429,1
1430,1
1431,2
1432,2
1433,2
1434,1
1435,2
1436,2
1437,1
1438,1
1439,1
1440,1
1441,1
1442,2
1443,1
1444,2
1445,1
1446,1
1447,1
1448,1
1449,1
1450,1
1451,1
1452,1
1453,1
1454,1
1455,1
1456,2
1457,3
1458,1
1459,2
1460,1
1461,3
1462,2
1463,1
1464,1
1465,1
1466,2
1467,2
1468,3
1469,1
1470,1
1471,1
1472,2
1473,2
1474,1
1475,1
1476,2
1477,2
1478,3
1479,1
1480,1
1481,2
1482,2
1483,1
1484,1
1485,2
1486,1
1487,2
1488,1
1489,1
1490,2
1491,1
1492,1
1493,1
1494,1
1495,2
1496,2
1497,2
1498,1
1499,2
1500,2
1501,1
1502,1
1503,2
1504,2
1505,1
1506,1
1507,1
1508,2
1509,2
1510,2
1511,2
1512,1
1513,2
1514,1
1515,2
1516,2
1517,1
1518,1
1519,2
1520,2
1521,1
1522,1
1523,1
1524,1
1525,1
1526,2
1527,2
1528,2
1529,1
1530,2
1531,1
1532,2
1533,2
1534,2
1535,2
1536,1
1537,1
1538,1
1539,1
1540,1
1541,3
1542,1
1543,2
1544,2
1545,1
1546,1
1547,1
1548,1
1549,1
1550,1
1551,1
1552,1
1553,1
1554,2
1555,2
1556,1
1557,3
1558,1
1559,1
1560,2
1561,2
1562,2
1563,1
1564,1
1565,2
1566,2
1567,2
1568,2
1569,1
1570,2
1571,1
1572,2
1573,1
1574,2
1575,2
1576,2
1577,1
1578,2
1579,1
1580,1
1581,2
1582,1
1583,1
1584,3
1585,1
1586,2
1587,1
1588,1
1589,2
1590,1
1591,1
1592,2
1593,2
1594,1
1595,2
1596,2
1597,1
1598,2
1599,1
1600,2
1601,1
1602,1
1603,1
1604,1
1605,1
1606,2
1607,1
1608,2
1609,3
1610,1
1611,1
1612,1
1613,1
1614,1
1615,1
1616,2
1617,1
1618,3
1619,2
1620,1
1621,1
1622,3
1623,1
1624,1
1625,2
1626,1
1627,1
1628,2
1629,1
1630,1
1631,1
1632,2
1633,1
1634,2
1635,2
1636,2
1637,2
1638,2
1639,1
1640,1
1641,2
1642,3
1643,1
1644,1
1645,1
1646,2
1647,1
1648,2
1649,2
1650,1
1651,1
1652,2
1653,3
1654,2
1655,1
1656,2
1657,1
1658,1
1659,1
1660,2
1661,1
1662,3
1663,2
1664,1
1665,2
1666,2
1667,1
1668,1
1669,2
1670,2
1671,1
1672,1
1673,2
1674,1
1675,1
1676,1
1677,1
1678,1
1679,2
1680,2
1681,1
1682,1
1683,1
1684,2
1685,1
1686,1
1687,1
1688,2
1689,1
1690,1
1691,2
1692,2
1693,2
1694,2
1695,2
1696,1
1697,3
1698,1
1699,2
1700,2
1701,1
1702,1
1703,1
1704,1
1705,1
1706,2
1707,1
1708,2
1709,1
1710,1
1711,1
1712,2
1713,1
1714,1
1715,1
1716,2
1717,1
1718,1
1719,1
1720,1
1721,1
1722,2
1723,1
1724,1
1725,2
1726,2
1727,2
1728,3
1729,2
1730,1
1731,2
1732,1
1733,1
1734,2
1735,2
1736,1
1737,1
1738,1
1739,2
1740,2
1741,1
1742,1
1743,1
1744,1
1745,1
1746,2
1747,1
1748,1
1749,1
1750,1
1751,2
1752,1
1753,1
1754,1
1755,1
1756,1
1757,2
1758,1
1759,3
1760,1
1761,1
1762,1
1763,2
1764,1
1765,2
1766,2
1767,1
1768,1
1769,2
1770,2
1771,2
1772,1
1773,1
1774,1
1775,1
1776,1
1777,1
1778,2
1779,2
1780,1
1781,1
1782,1
1783,1
1784,2
1785,1
1786,1
1787,2
1788,2
1789,1
1790,1
1791,2
1792,2
1793,2
1794,1
1795,1
1796,2
1797,3
1798,2
1799,2
1800,2
1801,1
1802,2
1803,2
1804,2
1805,1
1806,1
1807,1
1808,2
1809,1
1810,1
1811,1
1812,2
1813,1
1814,3
1815,2
1816,2
1817,2
1818,1
1819,2
1820,1
1821,1
1822,1
1823,1
1824,2
1825,1
1826,2
1827,1
1828,1
1829,1
1830,1
1831,1
1832,1
1833,1
1834,2
1835,2
1836,1
1837,2
1838,2
1839,1
1840,1
1841,1
1842,1
1843,2
1844,2
1845,1
1846,1
1847,1
1848,2
1849,1
1850,2
1851,2
1852,2
1853,1
1854,1
1855,1
1856,2
1857,2
1858,2
1859,2
1860,1
1861,1
1862,2
1863,1
1864,2
1865,1
1866,1
1867,1
1868,2
1869,2
1870,2
1871,2
1872,1
1873,3
1874,1
1875,2
1876,2
1877,1
1878,1
1879,1
1880,1
1881,1
1882,2
1883,1
1884,2
1885,1
1886,2
1887,1
1888,1
1889,2
1890,1
1891,2
1892,2
1893,1
1894,2
1895,1
1896,1
1897,1
1898,2
1899,1
1900,1
1901,1
1902,2
1903,1
1904,1
1905,2
1906,1
1907,2
1908,2
1909,1
1910,2
1911,1
1912,3
1913,2
1914,1
1915,1
1916,1
1917,1
1918,1
1919,1
1920,1
1921,1
1922,1
1923,1
1924,1
1925,1
1926,1
1927,1
1928,2
1929,2
1930,2
1931,1
1932,1
1933,1
1934,2
1935,1
1936,2
1937,1
1938,2
1939,1
1940,2
1941,2
1942,3
1943,2
1944,1
1945,2
1946,1
1947,2
1948,1
1949,1
1950,2
1951,1
1952,2
1953,1
1954,1
1955,1
1956,1
1957,1
1958,1
1959,2
1960,2
1961,1
1962,1
1963,2
1964,1
1965,1
1966,1
1967,1
1968,1
1969,1
1970,2
1971,2
1972,2
1973,2
1974,1
1975,1
1976,2
1977,1
1978,1
1979,1
1980,1
1981,1
1982,1
1983,1
1984,1
1985,1
1986,2
1987,1
1988,1
1989,1
1990,2
1991,2
1992,1
1993,1
1994,2
1995,2
1996,1
1997,2
1998,1
1999,2
2000,1
2001,1
2002,2
2003,1
2004,2
2005,2
2006,2
2007,2
2008,1
2009,1
2010,2
2011,1
2012,1
2013,1
2014,1
2015,2
2016,2
2017,1
2018,2
2019,1
2020,1
2021,1
2022,1
2023,2
2024,2
2025,2
2026,1
2027,2
2028,1
2029,2
2030,1
2031,2
2032,2
2033,1
2034,3
2035,1
2036,2
2037,2
2038,3
2039,2
2040,2
2041,2
2042,1
2043,1
2044,1
2045,2
2046,3
2047,2
2048,1
2049,1
2050,1
2051,2
2052,1
2053,2
2054,1
2055,1
2056,1
2057,3
2058,2
2059,2
2060,2
2061,1
2062,1
2063,2
2064,1
2065,2
2066,1
2067,2
2068,1
2069,2
2070,1
2071,2
2072,1
2073,1
2074,2
2075,2
2076,1
2077,2
2078,2
2079,1
2080,1
2081,2
2082,3
2083,2
2084,1
2085,1
2086,2
2087,1
2088,1
2089,1
2090,1
2091,1
2092,3
2093,1
2094,1
2095,1
2096,1
2097,1
2098,1
2099,2
2100,1
2101,1
2102,1
2103,1
2104,2
2105,2
2106,1
2107,2
2108,1
2109,1
2110,1
2111,3
2112,1
2113,1
2114,2
2115,1
2116,2
2117,1
2118,1
2119,2
2120,2
2121,1
2122,1
2123,1
2124,2
2125,1
2126,1
2127,1
2128,2
2129,1
2130,2
2131,2
2132,2
2133,1
2134,2
2135,1
2136,2
2137,2
2138,2
2139,1
2140,2
2141,2
2142,2
2143,1
2144,2
2145,2
2146,2
2147,1
2148,1
2149,2
2150,1
2151,2
2152,1
2153,1
2154,1
2155,2
2156,3
2157,1
2158,1
2159,2
2160,1
2161,1
2162,3
2163,1
2164,3
2165,2
2166,1
2167,2
2168,2
2169,2
2170,3
2171,1
2172,3
2173,2
2174,1
2175,1
2176,2
2177,1
2178,1
2179,1
2180,3
2181,2
2182,2
2183,1
2184,2
2185,2
2186,2
2187,1
2188,1
2189,1
2190,1
2191,1
2192,1
2193,1
2194,2
2195,1
2196,2
2197,1
2198,3
2199,1
2200,1
2201,2
2202,2
2203,2
2204,2
2205,1
2206,2
2207,1
2208,2
2209,1
2210,1
2211,3
2212,1
2213,1
2214,1
2215,1
2216,1
2217,2
2218,2
2219,1
2220,2
2221,2
2222,1
2223,1
2224,2
2225,1
2226,1
2227,2
2228,1
2229,2
2230,1
2231,1
2232,1
2233,2
2234,2
2235,1
2236,2
2237,1
2238,1
2239,2
2240,1
2241,1
2242,2
2243,1
2244,1
2245,2
2246,1
2247,2
2248,1
2249,1
2250,2
2251,2
2252,1
2253,1
2254,1
2255,1
2256,1
2257,2
2258,1
2259,2
2260,1
2261,2
2262,2
2263,1
2264,2
2265,2
2266,1
2267,2
2268,1
2269,1
2270,2
2271,2
2272,2
2273,2
2274,1
2275,1
2276,1
2277,1
2278,1
2279,1
2280,1
2281,1
2282,2
2283,3
2284,1
2285,1
2286,2
2287,1
2288,2
2289,1
2290,2
2291,2
2292,2
2293,3
2294,2
2295,2
2296,3
2297,2
2298,2
2299,2
2300,2
2301,2
2302,1
2303,1
2304,1
2305,1
2306,1
2307,2
2308,1
2309,1
2310,2
2311,2
2312,2
2313,1
2314,1
2315,3
2316,1
2317,1
2318,1
2319,2
2320,1
2321,2
2322,1
2323,1
2324,2
2325,1
2326,2
2327,2
2328,1
2329,1
2330,2
2331,2
2332,2
2333,1
2334,3
2335,1
2336,2
2337,1
2338,1
2339,1
2340,1
2341,1
2342,1
2343,1
2344,1
2345,2
2346,1
2347,3
2348,1
2349,2
2350,1
2351,1
2352,1
2353,2
2354,2
2355,1
2356,1
2357,1
2358,1
2359,1
2360,2
2361,2
2362,1
2363,2
2364,1
2365,2
2366,1
2367,1
2368,2
2369,1
2370,2
2371,2
2372,2
2373,2
2374,2
2375,2
2376,2
2377,2
2378,1
2379,3
2380,1
2381,2
2382,1
2383,1
2384,2
2385,2
2386,2
2387,1
2388,1
2389,2
2390,1
2391,1
2392,2
2393,2
2394,2
2395,1
2396,2
2397,2
2398,2
2399,2
2400,1
2401,2
2402,1
2403,1
2404,3
2405,2
2406,1
2407,2
2408,2
2409,1
2410,1
2411,3
2412,2
2413,1
2414,2
2415,3
2416,1
2417,1
2418,1
2419,3
2420,2
2421,1
2422,1
2423,1
2424,2
2425,1
2426,1
2427,1
2428,1
2429,1
2430,1
2431,1
2432,1
2433,1
2434,1
2435,1
2436,1
2437,1
2438,2
2439,2
2440,1
2441,2
2442,2
2443,1
2444,1
2445,1
2446,2
2447,1
2448,2
2449,2
2450,2
2451,1
2452,1
2453,1
2454,2
2455,1
2456,2
2457,1
2458,2
2459,1
2460,1
2461,1
2462,1
2463,2
2464,2
2465,2
2466,1
2467,2
2468,1
2469,1
2470,1
2471,1
2472,1
2473,3
2474,2
2475,2
2476,1
2477,1
2478,1
2479,2
2480,2
2481,2
2482,2
2483,2
2484,1
2485,1
2486,1
2487,2
2488,1
2489,3
2490,2
2491,1
2492,2
2493,1
2494,2
2495,1
2496,2
2497,1
2498,2
2499,2
2500,2
2501,1
2502,1
2503,2
2504,1
2505,2
2506,1
2507,1
2508,1
2509,1
2510,1
2511,1
2512,3
2513,1
2514,1
2515,1
2516,2
2517,2
2518,2
2519,1
2520,1
2521,2
2522,2
2523,2
2524,1
2525,1
2526,1
2527,1
2528,2
2529,1
2530,1
2531,2
2532,2
2533,2
2534,1
2535,2
2536,1
2537,1
2538,2
2539,1
2540,1
2541,2
2542,1
2543,1
2544,2
2545,2
2546,2
2547,2
2548,1
2549,1
2550,1
2551,1
2552,2
2553,1
2554,1
2555,1
2556,2
2557,1
2558,2
2559,2
2560,3
2561,1
2562,1
2563,1
2564,2
2565,1
2566,1
2567,1
2568,2
2569,2
2570,1
2571,1
2572,1
2573,2
2574,2
2575,1
2576,2
2577,1
2578,2
2579,1
2580,2
2581,2
2582,1
2583,1
2584,2
2585,2
2586,1
2587,1
2588,2
2589,1
2590,1
2591,2
2592,1
2593,2
2594,2
2595,1
2596,2
2597,2
2598,2
2599,2
2600,2
2601,1
2602,1
2603,1
2604,1
2605,2
2606,2
2607,3
2608,2
2609,2
2610,1
2611,3
2612,1
2613,2
2614,2
2615,1
2616,2
2617,1
2618,1
2619,1
2620,1
2621,1
2622,1
2623,1
2624,1
2625,2
2626,2
2627,1
2628,2
2629,2
2630,1
2631,1
2632,2
2633,1
2634,1
2635,2
2636,2
2637,1
2638,1
2639,2
2640,1
2641,1
2642,2
2643,1
2644,1
2645,1
2646,1
2647,2
2648,1
2649,1
2650,2
2651,3
2652,2
2653,2
2654,1
2655,2
2656,2
2657,2
2658,2
2659,1
2660,1
2661,1
2662,3
2663,1
2664,2
2665,2
2666,2
2667,2
2668,2
2669,2
2670,1
2671,2
2672,2
2673,2
2674,2
2675,2
2676,1
2677,1
2678,2
2679,1
2680,1
2681,2
2682,1
2683,1
2684,2
2685,1
2686,4
2687,1
2688,1
2689,2
2690,1
2691,2
2692,2
2693,2
2694,2
2695,2
2696,1
2697,3
2698,1
2699,1
2700,1
2701,1
2702,3
2703,2
2704,2
2705,1
2706,1
2707,2
2708,1
2709,2
2710,2
2711,1
2712,1
2713,2
2714,2
2715,1
2716,2
2717,1
2718,1
2719,1
2720,1
2721,2
2722,2
2723,1
2724,1
2725,1
2726,1
2727,1
2728,1
2729,1
2730,1
2731,1
2732,2
2733,1
2734,1
2735,3
2736,3
2737,2
2738,3
2739,1
2740,2
2741,3
2742,2
2743,1
2744,1
2745,1
2746,2
2747,1
2748,2
2749,2
2750,1
2751,2
2752,1
2753,1
2754,1
2755,2
2756,1
2757,1
2758,1
2759,1
2760,1
2761,2
2762,2
2763,1
2764,1
2765,2
2766,1
2767,1
2768,1
2769,1
2770,1
2771,2
2772,2
2773,1
2774,2
2775,1
2776,2
2777,2
2778,1
2779,2
2780,3
2781,1
2782,2
2783,2
2784,1
2785,1
2786,1
2787,2
2788,2
2789,1
2790,2
2791,1
2792,1
2793,1
2794,3
2795,1
2796,2
2797,1
2798,1
2799,2
2800,2
2801,3
2802,2
2803,1
2804,2
2805,2
2806,1
2807,2
2808,2
2809,2
2810,1
2811,2
2812,1
2813,3
2814,3
2815,2
2816,2
2817,2
2818,2
2819,1
2820,1
2821,1
2822,1
2823,1
2824,2
2825,1
2826,2
2827,3
2828,2
2829,1
2830,2
2831,1
2832,2
2833,2
2834,1
2835,1
2836,1
2837,1
2838,1
2839,1
2840,2
2841,2
2842,2
2843,1
2844,3
2845,3
2846,2
2847,3
2848,1
2849,1
2850,1
2851,2
2852,1
2853,1
2854,1
2855,1
2856,1
2857,3
2858,1
2859,2
2860,2
2861,1
2862,2
2863,2
2864,1
2865,2
2866,1
2867,3
2868,2
2869,1
2870,2
2871,2
2872,2
2873,3
2874,1
2875,1
2876,1
2877,2
2878,1
2879,2
2880,2
2881,2
2882,2
2883,2
2884,1
2885,1
2886,1
2887,1
2888,1
2889,1
2890,1
2891,1
2892,1
2893,1
2894,2
2895,1
2896,2
2897,2
2898,2
2899,2
2900,1
2901,2
2902,2
2903,1
2904,2
2905,1
2906,2
2907,1
2908,1
2909,2
2910,2
2911,2
2912,1
2913,1
2914,2
2915,1
2916,1
2917,2
2918,2
2919,2
2920,3
2921,2
2922,1
2923,1
2924,1
2925,2
2926,1
2927,2
2928,2
2929,2
2930,2
2931,1
2932,1
2933,2
2934,2
2935,2
2936,2
2937,2
2938,1
2939,2
2940,1
2941,2
2942,2
2943,1
2944,1
2945,2
2946,1
2947,1
2948,1
2949,2
2950,1
2951,1
2952,2
2953,2
2954,1
2955,1
2956,2
2957,1
2958,2
2959,2
2960,3
2961,1
2962,1
2963,1
2964,1
2965,1
2966,1
2967,1
2968,2
2969,1
2970,1
2971,1
2972,1
2973,1
2974,1
2975,1
2976,1
2977,1
2978,1
2979,2
2980,2
2981,1
2982,1
2983,1
2984,3
2985,1
2986,1
2987,1
2988,1
2989,1
2990,1
2991,1
2992,2
2993,1
2994,2
2995,2
2996,1
2997,1
2998,3
2999,2
3000,1
3001,2
3002,1
3003,2
3004,1
3005,2
3006,3
3007,2
3008,2
3009,1
3010,1
3011,2
3012,3
3013,1
3014,1
3015,1
3016,2
3017,2
3018,2
3019,1
3020,1
3021,2
3022,1
3023,2
3024,1
3025,2
3026,1
3027,1
3028,1
3029,1
3030,1
3031,2
3032,2
3033,1
3034,2
3035,1
3036,1
3037,1
3038,1
3039,1
3040,1
3041,2
3042,1
3043,2
3044,2
3045,2
3046,2
3047,2
3048,1
3049,1
3050,1
3051,1
3052,2
3053,2
3054,1
3055,2
3056,1
3057,2
3058,2
3059,1
3060,1
3061,2
3062,1
3063,1
3064,1
3065,1
3066,1
3067,1
3068,2
3069,1
3070,1
3071,1
3072,2
3073,1
3074,2
3075,1
3076,3
3077,2
3078,2
3079,1
3080,1
3081,1
3082,1
3083,2
3084,1
3085,1
3086,1
3087,1
3088,1
3089,2
3090,2
3091,1
3092,2
3093,2
3094,2
3095,1
3096,2
3097,2
3098,1
3099,2
3100,2
3101,2
3102,2
3103,1
3104,1
3105,2
3106,1
3107,1
3108,2
3109,2
3110,2
3111,1
3112,2
3113,1
3114,3
3115,2
3116,2
3117,1
3118,1
3119,3
3120,1
3121,2
3122,1
3123,2
3124,3
3125,2
3126,1
3127,1
3128,3
3129,1
3130,2
3131,1
3132,1
3133,2
3134,1
3135,2
3136,2
3137,1
3138,3
3139,2
3140,1
3141,1
3142,3
3143,2
3144,2
3145,1
3146,1
3147,2
3148,1
3149,1
3150,3
3151,1
3152,1
3153,1
3154,1
3155,1
3156,1
3157,1
3158,1
3159,2
3160,1
3161,3
3162,1
3163,3
3164,2
3165,2
3166,1
3167,1
3168,2
3169,1
3170,2
3171,2
3172,1
3173,1
3174,2
3175,3
3176,2
3177,1
3178,1
3179,2
3180,3
3181,2
3182,2
3183,2
3184,1
3185,2
3186,1
3187,1
3188,2
3189,2
3190,2
3191,1
3192,1
3193,1
3194,2
3195,2
3196,3
3197,1
3198,1
3199,3
3200,2
3201,1
3202,2
3203,2
3204,1
3205,2
3206,1
3207,1
3208,1
3209,1
3210,2
3211,1
3212,1
3213,1
3214,1
3215,2
3216,2
3217,1
3218,1
3219,1
3220,2
3221,2
3222,1
3223,1
3224,2
3225,1
3226,1
3227,1
3228,2
3229,2
3230,1
3231,1
3232,2
3233,1
3234,2
3235,1
3236,3
3237,1
3238,1
3239,2
3240,3
3241,2
3242,2
3243,2
3244,2
3245,2
3246,2
3247,1
3248,4
3249,2
3250,2
3251,1
3252,1
3253,1
3254,2
3255,1
3256,2
3257,2
3258,3
3259,2
3260,1
3261,1
3262,2
3263,1
3264,2
3265,1
3266,1
3267,2
3268,1
3269,2
3270,2
3271,1
3272,1
3273,1
3274,2
3275,1
3276,2
3277,2
3278,2
3279,1
3280,2
3281,2
3282,1
3283,1
3284,2
3285,3
3286,1
3287,1
3288,2
3289,1
3290,2
3291,1
3292,2
3293,2
3294,2
3295,2
3296,2
3297,2
3298,2
3299,1
3300,1
3301,2
3302,2
3303,2
3304,3
3305,1
3306,1
3307,1
3308,1
3309,2
3310,1
3311,1
3312,1
3313,2
3314,2
3315,2
3316,2
3317,1
3318,2
3319,2
3320,1
3321,2
3322,2
3323,2
3324,2
3325,1
3326,1
3327,2
3328,2
3329,1
3330,1
3331,3
3332,1
3333,2
3334,1
3335,3
3336,1
3337,2
3338,1
3339,1
3340,1
3341,1
3342,1
3343,2
3344,2
3345,2
3346,3
3347,1
3348,1
3349,1
3350,1
3351,1
3352,1
3353,2
3354,2
3355,1
3356,2
3357,2
3358,1
3359,1
3360,2
3361,1
3362,1
3363,1
3364,2
3365,2
3366,2
3367,1
3368,3
3369,2
3370,1
3371,1
3372,2
3373,2
3374,1
3375,1
3376,2
3377,2
3378,2
3379,1
3380,2
3381,1
3382,3
3383,1
3384,2
3385,2
3386,1
3387,2
3388,1
3389,2
3390,3
3391,1
3392,2
3393,2
3394,2
3395,2
3396,2
3397,2
3398,2
3399,1
3400,3
3401,1
3402,1
3403,1
3404,1
3405,3
3406,2
3407,1
3408,2
3409,1
3410,1
3411,1
3412,1
3413,1
3414,2
3415,2
3416,2
3417,2
3418,1
3419,1
3420,1
3421,2
3422,2
3423,2
3424,1
3425,2
3426,1
3427,1
3428,1
3429,1
3430,1
3431,1
3432,3
3433,1
3434,2
3435,2
3436,1
3437,1
3438,1
3439,2
3440,2
3441,2
3442,2
3443,2
3444,1
3445,1
3446,3
3447,1
3448,1
3449,2
3450,2
3451,1
3452,2
3453,2
3454,2
3455,3
3456,2
3457,1
3458,1
3459,1
3460,1
3461,1
3462,1
3463,1
3464,2
3465,3
3466,1
3467,2
3468,2
3469,2
3470,1
3471,1
3472,1
3473,1
3474,2
3475,1
3476,1
3477,2
3478,2
3479,1
3480,1
3481,2
3482,3
3483,2
3484,1
3485,1
3486,2
3487,2
3488,1
3489,1
3490,3
3491,1
3492,1
3493,1
3494,1
3495,2
3496,2
3497,2
3498,1
3499,1
3500,2
3501,1
3502,2
3503,2
3504,1
3505,1
3506,1
3507,1
3508,2
3509,1
3510,1
3511,1
3512,1
3513,1
3514,1
3515,1
3516,1
3517,2
3518,2
3519,1
3520,1
3521,1
3522,2
3523,1
3524,2
3525,1
3526,1
3527,2
3528,1
3529,1
3530,1
3531,2
3532,2
3533,1
3534,2
3535,1
3536,1
3537,1
3538,2
3539,1
3540,1
3541,1
3542,1
3543,1
3544,2
3545,1
3546,3
3547,2
3548,1
3549,1
3550,1
3551,2
3552,2
3553,1
3554,2
3555,2
3556,1
3557,2
3558,1
3559,2
3560,3
3561,1
3562,2
3563,1
3564,1
3565,3
3566,2
3567,3
3568,2
3569,2
3570,3
3571,2
3572,1
3573,1
3574,3
3575,1
3576,3
3577,2
3578,2
3579,2
3580,2
3581,1
3582,2
3583,3
3584,1
3585,2
3586,1
3587,1
3588,1
3589,1
3590,1
3591,1
3592,2
3593,3
3594,2
3595,1
3596,1
3597,1
3598,2
3599,3
3600,1
3601,2
3602,2
3603,1
3604,1
3605,1
3606,1
3607,1
3608,1
3609,2
3610,1
3611,2
3612,1
3613,1
3614,1
3615,3
3616,2
3617,3
3618,2
3619,2
3620,1
3621,1
3622,2
3623,1
3624,1
3625,2
3626,3
3627,1
3628,1
3629,2
3630,1
3631,1
3632,3
3633,1
3634,1
3635,1
3636,2
3637,1
3638,1
3639,2
3640,1
3641,1
3642,1
3643,1
3644,1
3645,1
3646,1
3647,2
3648,1
3649,1
3650,1
3651,1
3652,2
3653,2
3654,1
3655,2
3656,1
3657,1
3658,1
3659,2
3660,3
3661,2
3662,1
3663,1
3664,1
3665,2
3666,1
3667,1
3668,2
3669,3
3670,1
3671,2
3672,1
3673,3
3674,1
3675,1
3676,3
3677,2
3678,2
3679,1
3680,2
3681,3
3682,2
3683,2
3684,2
3685,1
3686,1
3687,2
3688,1
3689,1
3690,1
3691,1
3692,1
3693,1
3694,1
3695,1
3696,1
3697,1
3698,3
3699,1
3700,2
3701,1
3702,1
3703,3
3704,3
3705,2
3706,2
3707,2
3708,2
3709,2
3710,2
3711,2
3712,1
3713,2
3714,1
3715,1
3716,2
3717,1
3718,3
3719,2
3720,2
3721,2
3722,1
3723,2
3724,3
3725,2
3726,1
3727,1
3728,2
3729,1
3730,1
3731,1
3732,2
3733,3
3734,1
3735,1
3736,1
3737,1
3738,2
3739,1
3740,3
3741,2
3742,1
3743,3
3744,2
3745,2
3746,1
3747,1
3748,1
3749,1
3750,1
3751,2
3752,2
3753,1
3754,3
3755,2
3756,1
3757,2
3758,1
3759,2
3760,2
3761,1
3762,1
3763,3
3764,2
3765,1
3766,1
3767,1
3768,2
3769,2
3770,1
3771,1
3772,1
3773,2
3774,1
3775,2
3776,2
3777,3
3778,1
3779,1
3780,1
3781,2
3782,3
3783,1
3784,1
3785,2
3786,1
3787,1
3788,1
3789,2
3790,2
3791,2
3792,1
3793,1
3794,3
3795,1
3796,1
3797,1
3798,1
3799,1
3800,1
3801,1
3802,2
3803,2
3804,1
3805,1
3806,1
3807,1
3808,1
3809,1
3810,3
3811,1
3812,3
3813,2
3814,3
3815,1
3816,1
3817,2
3818,2
3819,2
3820,1
3821,1
3822,1
3823,1
3824,1
3825,1
3826,1
3827,2
3828,1
3829,1
3830,1
3831,1
3832,1
3833,2
3834,2
3835,1
3836,1
3837,1
3838,1
3839,1
3840,2
3841,2
3842,1
3843,1
3844,3
3845,1
3846,1
3847,3
3848,1
3849,1
3850,2
3851,2
3852,2
3853,2
3854,2
3855,2
3856,2
3857,1
3858,2
3859,1
3860,1
3861,2
3862,1
3863,3
3864,3
3865,2
3866,1
3867,2
3868,2
3869,1
3870,3
3871,2
3872,2
3873,1
3874,2
3875,1
3876,1
3877,2
3878,2
3879,1
3880,2
3881,2
3882,1
3883,1
3884,3
3885,3
3886,1
3887,3
3888,2
3889,1
3890,2
3891,3
3892,1
3893,2
3894,2
3895,2
3896,1
3897,1
3898,2
3899,1
3900,3
3901,2
3902,2
3903,1
3904,2
3905,2
3906,2
3907,2
3908,2
3909,2
3910,1
3911,2
3912,2
3913,1
3914,3
3915,1
3916,1
3917,1
3918,1
3919,1
3920,2
3921,2
3922,1
3923,2
3924,1
3925,1
3926,3
3927,1
3928,2
3929,2
3930,2
3931,2
3932,1
3933,1
3934,1
3935,1
3936,1
3937,1
3938,1
3939,1
3940,1
3941,3
3942,2
3943,1
3944,1
3945,2
3946,2
3947,2
3948,3
3949,1
3950,3
3951,1
3952,2
3953,1
3954,1
3955,2
3956,1
3957,1
3958,2
3959,2
3960,1
3961,1
3962,1
3963,2
3964,1
3965,1
3966,1
3967,2
3968,1
3969,1
3970,2
3971,1
3972,1
3973,2
3974,2
3975,2
3976,1
3977,2
3978,2
3979,1
3980,2
3981,1
3982,1
3983,2
3984,1
3985,1
3986,2
3987,2
3988,2
3989,2
3990,1
3991,1
3992,1
3993,2
3994,1
3995,2
3996,1
3997,2
3998,1
3999,3
4000,1
4001,1
4002,1
4003,1
4004,2
4005,1
4006,3
4007,2
4008,2
4009,2
4010,1
4011,3
4012,2
4013,2
4014,2
4015,2
4016,1
4017,1
4018,2
4019,1
4020,1
4021,3
4022,1
4023,1
4024,2
4025,1
4026,2
4027,1
4028,1
4029,2
4030,1
4031,1
4032,1
4033,1
4034,1
4035,2
4036,2
4037,2
4038,2
4039,2
4040,1
4041,1
4042,3
4043,1
4044,1
4045,1
4046,2
4047,1
4048,1
4049,1
4050,2
4051,1
4052,2
4053,1
4054,2
4055,2
4056,2
4057,1
4058,3
4059,1
4060,1
4061,1
4062,1
4063,2
4064,2
4065,2
4066,2
4067,1
4068,2
4069,2
4070,2
4071,3
4072,2
4073,1
4074,1
4075,2
4076,1
4077,1
4078,2
4079,2
4080,2
4081,2
4082,1
4083,1
4084,1
4085,2
4086,2
4087,1
4088,2
4089,3
4090,1
4091,1
4092,1
4093,1
4094,2
4095,2
4096,2
4097,1
4098,3
4099,2
4100,1
4101,1
4102,2
4103,1
4104,1
4105,1
4106,2
4107,2
4108,1
4109,1
4110,3
4111,1
4112,1
4113,2
4114,2
4115,2
4116,1
4117,2
4118,2
4119,1
4120,2
4121,2
4122,2
4123,1
4124,1
4125,1
4126,1
4127,2
4128,1
4129,1
4130,1
4131,1
4132,1
4133,3
4134,2
4135,2
4136,1
4137,1
4138,1
4139,2
4140,2
4141,2
4142,3
4143,2
4144,2
4145,1
4146,1
4147,1
4148,2
4149,1
4150,2
4151,2
4152,2
4153,2
4154,1
4155,2
4156,1
4157,2
4158,1
4159,1
4160,2
4161,1
4162,3
4163,1
4164,1
4165,2
4166,1
4167,2
4168,1
4169,2
4170,1
4171,2
4172,1
4173,2
4174,1
4175,2
4176,2
4177,1
4178,1
4179,1
4180,2
4181,1
4182,1
4183,1
4184,2
4185,2
4186,1
4187,2
4188,1
4189,2
4190,2
4191,2
4192,2
4193,1
4194,1
4195,2
4196,1
4197,2
4198,1
4199,1
4200,1
4201,1
4202,1
4203,1
4204,1
4205,2
4206,3
4207,1
4208,2
4209,2
4210,2
4211,1
4212,2
4213,1
4214,2
4215,2
4216,2
4217,1
4218,1
4219,2
4220,1
4221,1
4222,2
4223,3
4224,1
4225,1
4226,1
4227,1
4228,1
4229,2
4230,1
4231,1
4232,2
4233,1
4234,2
4235,2
4236,1
4237,2
4238,1
4239,2
4240,1
4241,2
4242,2
4243,1
4244,2
4245,2
4246,2
4247,1
4248,1
4249,3
4250,2
4251,2
4252,2
4253,1
4254,1
4255,1
4256,1
4257,1
4258,2
4259,2
4260,2
4261,1
4262,2
4263,2
4264,1
4265,1
4266,1
4267,2
4268,2
4269,1
4270,1
4271,2
4272,2
4273,1
4274,1
4275,2
4276,2
4277,1
4278,1
4279,1
4280,2
4281,1
4282,1
4283,2
4284,2
4285,1
4286,1
4287,1
4288,2
4289,1
4290,1
4291,1
4292,1
4293,3
4294,1
4295,2
4296,1
4297,1
4298,1
4299,1
4300,2
4301,2
4302,1
4303,1
4304,1
4305,1
4306,2
4307,2
4308,1
4309,4
4310,1
4311,1
4312,2
4313,1
4314,2
4315,1
4316,1
4317,1
4318,1
4319,1
4320,3
4321,1
4322,1
4323,1
4324,1
4325,2
4326,2
4327,1
4328,1
4329,3
4330,1
4331,3
4332,1
4333,2
4334,2
4335,2
4336,1
4337,2
4338,2
4339,2
4340,2
4341,2
4342,2
4343,2
4344,2
4345,2
4346,1
4347,1
4348,2
4349,1
4350,2
4351,2
4352,1
4353,1
4354,2
4355,1
4356,1
4357,1
4358,2
4359,1
4360,1
4361,1
4362,2
4363,1
4364,1
4365,1
4366,3
4367,2
4368,3
4369,2
4370,2
4371,2
4372,2
4373,2
4374,3
4375,2
4376,1
4377,2
4378,2
4379,1
4380,3
4381,1
4382,1
4383,2
4384,1
4385,1
4386,2
4387,1
4388,1
4389,2
4390,2
4391,2
4392,1
4393,1
4394,3
4395,1
4396,2
4397,2
4398,2
4399,2
4400,1
4401,1
4402,1
4403,2
4404,1
4405,1
4406,2
4407,1
4408,1
4409,1
4410,1
4411,1
4412,1
4413,1
4414,1
4415,1
4416,1
4417,1
4418,1
4419,1
4420,1
4421,1
4422,2
4423,2
4424,2
4425,2
4426,2
4427,2
4428,1
4429,1
4430,2
4431,1
4432,2
4433,2
4434,2
4435,2
4436,1
4437,2
4438,2
4439,1
4440,1
4441,1
4442,1
4443,2
4444,1
4445,1
4446,1
4447,1
4448,2
4449,1
4450,1
4451,1
4452,1
4453,1
4454,2
4455,2
4456,1
4457,2
4458,2
4459,2
4460,1
4461,1
4462,3
4463,2
4464,1
4465,2
4466,1
4467,1
4468,1
4469,3
4470,2
4471,2
4472,2
4473,2
4474,1
4475,1
4476,2
4477,1
4478,3
4479,1
4480,1
4481,2
4482,2
4483,2
4484,2
4485,2
4486,1
4487,2
4488,1
4489,1
4490,1
4491,2
4492,2
4493,1
4494,1
4495,1
4496,2
4497,2
4498,1
4499,1
4500,1
4501,2
4502,2
4503,1
4504,1
4505,1
4506,2
4507,1
4508,1
4509,2
4510,2
4511,1
4512,2
4513,1
4514,1
4515,1
4516,1
4517,1
4518,2
4519,2
4520,2
4521,1
4522,3
4523,1
4524,2
4525,3
4526,3
4527,3
4528,1
4529,1
4530,2
4531,1
4532,1
4533,2
4534,2
4535,1
4536,1
4537,2
4538,2
4539,1
4540,1
4541,2
4542,1
4543,1
4544,1
4545,2
4546,1
4547,1
4548,1
4549,1
4550,2
4551,1
4552,1
4553,1
4554,2
4555,1
4556,1
4557,1
4558,3
4559,2
4560,1
4561,1
4562,4
4563,1
4564,1
4565,3
4566,1
4567,1
4568,2
4569,2
4570,1
4571,2
4572,1
4573,2
4574,2
4575,1
4576,2
4577,2
4578,1
4579,2
4580,2
4581,1
4582,3
4583,2
4584,1
4585,2
4586,1
4587,2
4588,2
4589,2
4590,2
4591,1
4592,1
4593,1
4594,1
4595,3
4596,1
4597,3
4598,2
4599,2
4600,1
4601,2
4602,2
4603,1
4604,2
4605,1
4606,2
4607,2
4608,2
4609,2
4610,1
4611,1
4612,1
4613,2
4614,2
4615,2
4616,1
4617,2
4618,1
4619,2
4620,2
4621,1
4622,1
4623,1
4624,2
4625,1
4626,2
4627,1
4628,1
4629,1
4630,2
4631,2
4632,1
4633,1
4634,2
4635,1
4636,1
4637,2
4638,2
4639,1
4640,2
4641,3
4642,1
4643,1
4644,1
4645,2
4646,2
4647,1
4648,2
4649,2
4650,2
4651,3
4652,1
4653,2
4654,2
4655,2
4656,1
4657,1
4658,2
4659,1
4660,2
4661,1
4662,1
4663,1
4664,3
4665,1
4666,2
4667,1
4668,1
4669,2
4670,1
4671,2
4672,1
4673,1
4674,2
4675,1
4676,1
4677,2
4678,1
4679,2
4680,1
4681,2
4682,3
4683,2
4684,1
4685,2
4686,1
4687,2
4688,1
4689,3
4690,2
4691,1
4692,1
4693,2
4694,3
4695,2
4696,3
4697,1
4698,1
4699,1
4700,2
4701,2
4702,1
4703,1
4704,1
4705,1
4706,1
4707,2
4708,1
4709,1
4710,2
4711,1
4712,2
4713,2
4714,2
4715,1
4716,1
4717,1
4718,2
4719,1
4720,1
4721,3
4722,2
4723,3
4724,2
4725,1
4726,2
4727,2
4728,1
4729,1
4730,1
4731,2
4732,3
4733,2
4734,1
4735,3
4736,1
4737,2
4738,2
4739,1
4740,1
4741,1
4742,2
4743,1
4744,2
4745,2
4746,2
4747,1
4748,1
4749,2
4750,3
4751,1
4752,1
4753,1
4754,2
4755,1
4756,1
4757,1
4758,1
4759,1
4760,1
4761,3
4762,3
4763,1
4764,1
4765,2
4766,2
4767,2
4768,2
4769,2
4770,1
4771,1
4772,1
4773,1
4774,1
4775,2
4776,1
4777,2
4778,2
4779,2
4780,1
4781,3
4782,2
4783,2
4784,2
4785,2
4786,1
4787,1
4788,1
4789,1
4790,2
4791,2
4792,1
4793,2
4794,2
4795,1
4796,1
4797,2
4798,3
4799,1
4800,2
4801,1
4802,2
4803,2
4804,2
4805,1
4806,2
4807,1
4808,2
4809,1
4810,1
4811,2
4812,1
4813,2
4814,1
4815,1
4816,2
4817,1
4818,2
4819,1
4820,1
4821,1
4822,1
4823,2
4824,3
4825,1
4826,1
4827,2
4828,1
4829,1
4830,3
4831,2
4832,1
4833,2
4834,2
4835,1
4836,2
4837,3
4838,1
4839,3
4840,2
4841,3
4842,2
4843,2
4844,1
4845,2
4846,3
4847,2
4848,2
4849,2
4850,3
4851,2
4852,1
4853,2
4854,2
4855,1
4856,1
4857,3
4858,1
4859,2
4860,1
4861,2
4862,1
4863,1
4864,2
4865,2
4866,1
4867,3
4868,1
4869,2
4870,1
4871,2
4872,1
4873,2
4874,1
4875,1
4876,2
4877,2
4878,1
4879,2
4880,2
4881,1
4882,1
4883,2
4884,1
4885,1
4886,1
4887,1
4888,1
4889,1
4890,2
4891,2
4892,2
4893,2
4894,3
4895,2
4896,2
4897,1
4898,2
4899,1
4900,2
4901,1
4902,1
4903,2
4904,1
4905,2
4906,2
4907,1
4908,1
4909,1
4910,1
4911,2
4912,1
4913,2
4914,2
4915,1
4916,3
4917,2
4918,2
4919,1
4920,2
4921,1
4922,2
4923,1
4924,1
4925,2
4926,1
4927,1
4928,1
4929,1
4930,1
4931,1
4932,1
4933,3
4934,2
4935,1
4936,1
4937,2
4938,2
4939,1
4940,1
4941,1
4942,1
4943,1
4944,3
4945,2
4946,1
4947,2
4948,2
4949,1
4950,1
4951,1
4952,1
4953,2
4954,2
4955,3
4956,2
4957,1
4958,1
4959,1
4960,2
4961,1
4962,1
4963,1
4964,2
4965,2
4966,1
4967,1
4968,1
4969,2
4970,1
4971,2
4972,1
4973,2
4974,3
4975,1
4976,2
4977,1
4978,2
4979,1
4980,2
4981,2
4982,2
4983,2
4984,1
4985,2
4986,1
4987,2
4988,1
4989,1
4990,1
4991,1
4992,2
4993,2
4994,3
4995,1
4996,2
4997,1
4998,3
4999,2
